100.0,10.0,1.0,2.0,2.0,-5.0,0.0,200.0,100.0,64.0,98.871036034,28.6778121409,24.2474569999,27.0510364646,26.9215598728,24.7372174315,21.5403591014,31.0544489868,23.6491535443,27.0057890094
100.0,10.0,1.0,2.0,2.0,-5.0,0.0,200.0,100.0,66.0,28.6329902493,23.178382951,29.7325686249,26.8925617234,30.0291096287,24.0234488379,27.6358896355,28.1714023393,23.7969646763,28.0159101739
100.0,10.0,1.0,2.0,2.0,-5.0,0.0,200.0,100.0,68.0,26.4971410984,25.9997076403,28.6824854925,38.6451184776,30.4203238379,33.7728759317,31.8663455469,28.5207393138,32.4129214743,33.6760846445
100.0,10.0,1.0,2.0,2.0,-5.0,0.0,200.0,100.0,70.0,27.5217831966,33.1673755279,35.0732314279,32.8341821053,35.1405429756,36.7731536692,31.3518301764,30.409333838,28.6360628449,34.3549770454
100.0,10.0,1.0,2.0,2.0,-5.0,0.0,200.0,100.0,72.0,27.7141579381,35.4523183163,38.5210581484,36.0990324507,33.4590976076,33.6895669831,35.6126024737,32.7502994067,32.962256953,35.4687209658
100.0,10.0,1.0,2.0,2.0,-5.0,0.0,200.0,100.0,74.0,33.047661129,39.1145517421,33.508264857,35.5487120738,41.3310024091,36.217132621,41.3043327303,38.7409880831,39.9875404958,41.4650729872
100.0,10.0,1.0,2.0,2.0,-5.0,0.0,200.0,100.0,76.0,41.2751737459,47.1708570391,41.3792376966,42.0758689366,43.8749818643,37.2081361704,44.4092312525,44.9512281136,42.3785637738,41.5637909397
100.0,10.0,1.0,2.0,2.0,-5.0,0.0,200.0,100.0,78.0,41.1903376613,42.1024925457,47.7681140993,43.0638840985,45.5468931519,49.0555805429,43.6143088925,43.0611275923,41.3617609993,40.3679709957
100.0,10.0,1.0,2.0,2.0,-5.0,0.0,200.0,100.0,80.0,52.7164586048,46.237704489,47.2877194665,43.4853341133,52.2274932151,48.3313456708,54.2343090014,51.3152221876,49.9758894234,50.5869309578
100.0,10.0,3.0,2.0,2.0,-5.0,0.0,200.0,100.0,64.0,46.3516400356,82.5533300991,83.1589353024,84.9748245551,81.9920035399,86.2537106965,78.7846654659,86.0221796503,80.8378948776,87.2695338385
100.0,10.0,3.0,2.0,2.0,-5.0,0.0,200.0,100.0,66.0,82.2953956933,84.7942385394,84.1840246336,88.3667556128,85.7047801325,89.0255774632,82.5610162252,82.2027032826,83.1368479108,84.125767909
100.0,10.0,3.0,2.0,2.0,-5.0,0.0,200.0,100.0,68.0,80.5734571824,84.4450482551,85.5546661027,89.4507790899,86.8725750941,86.2127723771,87.8311249064,84.742801668,87.4161410083,84.4726446136
100.0,10.0,3.0,2.0,2.0,-5.0,0.0,200.0,100.0,70.0,88.1754820987,88.0257200328,86.8077998744,92.1251327214,90.9139174574,87.9654362319,87.339556534,87.1053438798,87.9365008232,89.2939462009
100.0,10.0,3.0,2.0,2.0,-5.0,0.0,200.0,100.0,72.0,89.8150019154,91.0317532072,91.4417423334,91.1121866744,89.6905564778,90.3668969524,90.4328950001,91.2290724264,88.775929369,90.0579406443
100.0,10.0,3.0,2.0,2.0,-5.0,0.0,200.0,100.0,74.0,91.72389802,91.358089071,92.3265153372,90.5911608386,92.2560850922,93.218604652,89.7471561687,92.5833835582,93.3564645081,92.9777789633
100.0,10.0,3.0,2.0,2.0,-5.0,0.0,200.0,100.0,76.0,92.8919260719,94.7183961154,94.2227631061,93.9131480774,93.2781259755,92.2869837892,93.3971558992,92.3173033742,93.5317673273,92.0121619487
100.0,10.0,3.0,2.0,2.0,-5.0,0.0,200.0,100.0,78.0,92.5988609054,92.6284857377,93.483435832,95.7954696012,93.5628761005,93.1981064555,92.9108310654,93.4678340169,93.053868406,95.0156436451
100.0,10.0,3.0,2.0,2.0,-5.0,0.0,200.0,100.0,80.0,94.0436468107,95.6308962283,94.591813247,94.686553073,96.7549432825,94.2034375185,93.7319553928,93.9884079439,95.6530170167,94.6124479084
100.0,10.0,5.0,2.0,2.0,-5.0,0.0,200.0,100.0,64.0,96.1674092455,99.1775847606,98.5083576662,98.3214942759,98.6253485646,98.8074163711,98.5596252948,98.5255451897,98.8439766866,99.2162794483
100.0,10.0,5.0,2.0,2.0,-5.0,0.0,200.0,100.0,66.0,97.9813159145,99.1698917325,99.168260951,99.0451451709,99.3497947313,99.3598668683,98.8231138064,99.0771853558,99.1256491033,98.891150899
100.0,10.0,5.0,2.0,2.0,-5.0,0.0,200.0,100.0,68.0,98.4118143016,99.286218249,99.0177560591,98.936852551,99.6480682405,99.0552147178,99.31312714,99.3136751956,99.4120614529,99.4851101333
100.0,10.0,5.0,2.0,2.0,-5.0,0.0,200.0,100.0,70.0,99.1209453403,99.1832249171,99.3754712185,99.5987518692,99.4314557608,99.5088497899,98.6433725158,99.1925997226,99.2976644374,99.5797977821
100.0,10.0,5.0,2.0,2.0,-5.0,0.0,200.0,100.0,72.0,99.5237796226,99.6924012619,99.3786511209,99.2892831367,99.5675265211,99.254349309,99.5217370415,99.6907574686,99.4608512037,99.5210854158
100.0,10.0,5.0,2.0,2.0,-5.0,0.0,200.0,100.0,74.0,99.7632297034,99.5780926565,99.710895362,99.732278585,99.5508266887,99.6723359285,99.6140853429,99.3294568604,99.7312715913,99.6794018141
100.0,10.0,5.0,2.0,2.0,-5.0,0.0,200.0,100.0,76.0,99.5691420637,99.6931884625,99.7102335788,99.7619397841,99.7429251983,99.737787921,99.6977655214,99.5650012321,99.4706731737,99.6245653955
100.0,10.0,5.0,2.0,2.0,-5.0,0.0,200.0,100.0,78.0,99.6455418006,99.8154829818,99.7403194715,99.5909166392,99.6858709164,99.7987771718,99.8002080727,99.8183869775,99.7490307768,99.5444083754
100.0,10.0,5.0,2.0,2.0,-5.0,0.0,200.0,100.0,80.0,99.6461879002,99.8456583215,99.8851351021,99.8584579503,99.8351739859,99.6930491869,99.8152533538,99.912024226,99.8744873834,99.6539880169
100.0,10.0,1.0,2.0,2.0,-4.0,0.0,200.0,100.0,64.0,99.8772469729,28.5801715524,24.8614314006,28.9181956556,24.8723249342,25.4129265661,22.1802112191,28.824420588,25.5236623667,19.4272361758
100.0,10.0,1.0,2.0,2.0,-4.0,0.0,200.0,100.0,66.0,24.1755072347,26.093746028,29.2539677378,23.7361413001,27.3813597105,23.5622602806,28.266764679,30.3903208939,31.6574341231,30.0335706069
100.0,10.0,1.0,2.0,2.0,-4.0,0.0,200.0,100.0,68.0,30.7771001521,29.6790074084,26.3546951249,31.5614278307,37.7183356128,33.3262250566,30.1732481264,26.8483962143,29.2256870655,33.8324313121
100.0,10.0,1.0,2.0,2.0,-4.0,0.0,200.0,100.0,70.0,27.9250962471,33.6511161407,37.329734225,35.6658512836,39.861604216,32.8477114255,36.9383905317,36.4282646198,31.29355739,29.6528982021
100.0,10.0,1.0,2.0,2.0,-4.0,0.0,200.0,100.0,72.0,29.3469886501,40.2120384613,38.3041056914,41.489009135,36.4758806222,37.3922256944,41.678757503,41.9412406283,34.649060615,36.7691072126
100.0,10.0,1.0,2.0,2.0,-4.0,0.0,200.0,100.0,74.0,35.9664874208,41.3650716459,37.9041441187,39.6192446426,34.9586979955,37.3975378445,38.1504130829,39.8343240744,37.6474338577,38.0178239441
100.0,10.0,1.0,2.0,2.0,-4.0,0.0,200.0,100.0,76.0,36.8844366471,42.9429795513,38.4061425907,44.9039839377,46.3183570853,46.6327162257,41.7254831785,49.4265317148,50.7059340957,37.3889922453
100.0,10.0,1.0,2.0,2.0,-4.0,0.0,200.0,100.0,78.0,44.8963669889,43.5593390063,47.0571252608,50.2156478935,45.4434889418,51.4491581874,47.4885634818,49.3505116449,48.3189126799,45.2783267775
100.0,10.0,1.0,2.0,2.0,-4.0,0.0,200.0,100.0,80.0,40.9980892566,49.2116256499,44.9682635748,48.515757813,54.6278794719,59.1090382054,50.7901743846,41.4219747953,43.6688042315,49.42784789
100.0,10.0,3.0,2.0,2.0,-4.0,0.0,200.0,100.0,64.0,49.234411632,83.9249675427,85.4651696376,84.531013359,82.3943875639,83.0875809092,85.372648622,82.7218916592,83.8120687338,82.5206839618
100.0,10.0,3.0,2.0,2.0,-4.0,0.0,200.0,100.0,66.0,85.6263252027,86.0165901094,84.1746150297,85.2569701935,85.7409614193,87.325805623,83.5484762019,87.3086522285,86.3174482727,86.2074507155
100.0,10.0,3.0,2.0,2.0,-4.0,0.0,200.0,100.0,68.0,84.6634628488,84.5178085212,86.9597504507,87.7054300355,87.0959712702,87.7880286811,88.9509164984,90.0787857158,88.4808229539,89.066454952
100.0,10.0,3.0,2.0,2.0,-4.0,0.0,200.0,100.0,70.0,86.2292963007,88.8445290997,90.6120423594,88.6513562486,91.3947035536,90.838037453,90.9835046166,91.6208688337,89.4943499417,89.4939170712
100.0,10.0,3.0,2.0,2.0,-4.0,0.0,200.0,100.0,72.0,92.2643465921,89.6747970495,92.6851218048,92.5555011769,92.8311043739,90.1558146825,91.5505685765,89.4833171866,88.8097541844,88.5728162024
100.0,10.0,3.0,2.0,2.0,-4.0,0.0,200.0,100.0,74.0,89.1756312056,93.3640878529,92.0240177526,92.4570474522,93.214574772,93.7423808509,93.5230689511,91.7502882446,91.0620076877,90.5413728358
100.0,10.0,3.0,2.0,2.0,-4.0,0.0,200.0,100.0,76.0,90.616029952,92.3268000168,94.1743814749,93.2995339209,92.8848235468,91.0476648484,93.3889399279,93.6367677694,92.7986201364,92.489744584
100.0,10.0,3.0,2.0,2.0,-4.0,0.0,200.0,100.0,78.0,94.0054795581,95.8452889217,94.8947268319,94.5355992794,93.7057993823,91.5822057005,95.2010430258,94.5340805717,92.5889476427,94.5130113195
100.0,10.0,3.0,2.0,2.0,-4.0,0.0,200.0,100.0,80.0,95.4012123205,96.3520986117,95.7190478146,95.0445643314,95.3597457924,94.7730881037,96.119407281,95.672865403,94.2887065062,93.9182871249
100.0,10.0,5.0,2.0,2.0,-4.0,0.0,200.0,100.0,64.0,95.3665806036,99.1461660844,98.9966008043,98.5649532957,98.6515984962,99.2233381266,99.0170357799,98.9517582321,98.9624122993,99.3341677343
100.0,10.0,5.0,2.0,2.0,-4.0,0.0,200.0,100.0,66.0,99.0777409212,99.3664320045,98.8281801799,99.0783122168,99.1873697264,98.6481211471,98.9381468752,99.1546326193,99.4033427511,98.4641211826
100.0,10.0,5.0,2.0,2.0,-4.0,0.0,200.0,100.0,68.0,98.5068704669,98.9164981307,99.321318496,99.3101628832,99.2342286606,99.1056389959,99.3779492359,99.4382130441,99.174480324,99.0814420611
100.0,10.0,5.0,2.0,2.0,-4.0,0.0,200.0,100.0,70.0,99.5850074713,99.4085110222,99.3489830188,99.1090049586,99.6092223225,99.4026413606,99.3283024503,99.1343305307,99.4312611851,99.2968391777
100.0,10.0,5.0,2.0,2.0,-4.0,0.0,200.0,100.0,72.0,99.3158521076,99.4160362483,99.665044156,99.522992556,99.6334414135,99.6514034044,99.5281869377,99.4540754509,99.5095327943,99.6667830552
100.0,10.0,5.0,2.0,2.0,-4.0,0.0,200.0,100.0,74.0,99.6103886828,99.5493737182,99.712471123,99.657651939,99.8068655647,99.6385134234,99.6954476404,99.3774022275,99.2552908675,99.8251468672
100.0,10.0,5.0,2.0,2.0,-4.0,0.0,200.0,100.0,76.0,99.4662456057,99.8717803635,99.7683921508,99.7809202225,99.7677921969,99.8192494547,99.788244254,99.7408411512,99.635245656,99.6956045068
100.0,10.0,5.0,2.0,2.0,-4.0,0.0,200.0,100.0,78.0,99.7326153858,99.9027639104,99.9406016407,99.8611690801,99.7585861638,99.8087339246,99.8977923187,99.7386650555,99.8583194837,99.7745897228
100.0,10.0,5.0,2.0,2.0,-4.0,0.0,200.0,100.0,80.0,99.8835240256,99.8632604714,99.7471495841,99.798635409,99.9145570674,99.8518219566,99.7408635145,99.8243530382,99.8938813727,99.6353044261
100.0,10.0,1.0,2.0,2.0,-3.0,0.0,200.0,100.0,64.0,99.8267919177,27.240250561,24.7052689489,25.7360312221,29.7938030285,28.7817005683,27.4011135254,22.9736049632,30.8801285928,27.6862526518
100.0,10.0,1.0,2.0,2.0,-3.0,0.0,200.0,100.0,66.0,34.2504603438,30.7139928623,30.1251911387,34.9272420257,30.8783952854,33.7429957218,30.2204982714,29.20745704,30.6402571986,29.0183538498
100.0,10.0,1.0,2.0,2.0,-3.0,0.0,200.0,100.0,68.0,26.6699491147,36.2685883108,30.1939347203,36.424424509,32.4278047968,33.8940761584,34.7410809271,35.1568638813,35.5677447425,39.0501516047
100.0,10.0,1.0,2.0,2.0,-3.0,0.0,200.0,100.0,70.0,31.1252477689,32.0382304343,38.0942801989,32.7357669043,40.1241611202,36.2033460476,33.7930882992,34.3100625834,30.9650256277,36.76671333
100.0,10.0,1.0,2.0,2.0,-3.0,0.0,200.0,100.0,72.0,34.8347741504,40.2870363211,40.173566607,39.8222541485,37.8913152405,44.2112588948,42.9841312657,46.8296920429,40.7592926034,41.1078269255
100.0,10.0,1.0,2.0,2.0,-3.0,0.0,200.0,100.0,74.0,33.0066769594,42.556552492,44.7294039346,37.5773529409,41.5254739735,40.5281649632,44.2654383591,41.9855990098,44.9811982144,48.0575041216
100.0,10.0,1.0,2.0,2.0,-3.0,0.0,200.0,100.0,76.0,44.6263053123,43.8387186774,40.4232746889,46.6110116854,47.7864016955,48.7324934771,46.7694494115,43.613029456,47.23281501,45.8447824057
100.0,10.0,1.0,2.0,2.0,-3.0,0.0,200.0,100.0,78.0,40.659267654,49.0893954626,49.6389517164,46.107411465,42.8394621865,49.2864549201,52.0112989329,51.2831959677,50.5637023984,54.8128972067
100.0,10.0,1.0,2.0,2.0,-3.0,0.0,200.0,100.0,80.0,46.4808643461,54.3680910124,56.8452404805,56.4315065828,53.0305105012,55.3787173362,54.2225348289,52.6646151836,49.752613885,53.5440267699
100.0,10.0,3.0,2.0,2.0,-3.0,0.0,200.0,100.0,64.0,53.6463177341,79.3585556281,84.2466183462,83.8705454005,84.6063671964,87.7968201548,81.0161135156,82.8195806288,85.1398692705,85.5076752651
100.0,10.0,3.0,2.0,2.0,-3.0,0.0,200.0,100.0,66.0,85.1557220564,87.032200323,88.2533242991,86.7485895809,89.6409963889,86.8914841319,87.7571909963,87.1340312135,86.4947794049,88.0724092828
100.0,10.0,3.0,2.0,2.0,-3.0,0.0,200.0,100.0,68.0,87.0101605702,90.5087509801,87.9062188827,86.1567260105,87.5622634987,90.4872862216,88.4864812578,88.8695665189,90.6154725052,88.2072266108
100.0,10.0,3.0,2.0,2.0,-3.0,0.0,200.0,100.0,70.0,91.8304064595,88.4601200307,91.3793041326,91.448126548,92.4842622587,92.5764274161,90.1650396039,90.0499508113,92.4862360087,90.7141320545
100.0,10.0,3.0,2.0,2.0,-3.0,0.0,200.0,100.0,72.0,89.7016761253,92.7447144966,91.1029630702,92.6353847446,92.1065234301,90.0834915222,91.078824122,91.3496923645,92.8531562779,90.6032489966
100.0,10.0,3.0,2.0,2.0,-3.0,0.0,200.0,100.0,74.0,92.7407684522,92.2991737889,90.6811700213,93.6626765518,93.4661013535,88.9432683723,93.7446206631,93.605735875,91.2447716728,94.5404550266
100.0,10.0,3.0,2.0,2.0,-3.0,0.0,200.0,100.0,76.0,93.0920449389,91.9843536974,96.1141500875,93.6190398278,93.5232312592,92.9411002011,94.6083515701,93.4771592523,93.390825485,94.7244322529
100.0,10.0,3.0,2.0,2.0,-3.0,0.0,200.0,100.0,78.0,94.2734290136,94.0611710346,94.1660006146,94.6540572566,93.8769815319,93.5008640289,94.4368048593,95.470646855,95.076826271,93.564082847
100.0,10.0,3.0,2.0,2.0,-3.0,0.0,200.0,100.0,80.0,96.0322201951,93.4035689199,97.2390132298,96.0074408238,95.3878140746,96.0246690328,96.0304264264,96.4095808823,96.4390055021,96.7697155967
100.0,10.0,5.0,2.0,2.0,-3.0,0.0,200.0,100.0,64.0,95.863015473,98.7436624631,98.16789164,98.9745848011,99.3185120211,98.7602816316,98.7777823603,98.6801757021,98.8050696129,98.6677792036
100.0,10.0,5.0,2.0,2.0,-3.0,0.0,200.0,100.0,66.0,99.3007352834,99.2606362083,99.3841455174,99.0412333535,98.7908401156,99.4697945448,99.0769442599,98.6882508172,99.4913532917,99.1673021599
100.0,10.0,5.0,2.0,2.0,-3.0,0.0,200.0,100.0,68.0,99.496357921,99.3511732263,99.3579224179,99.1015524766,99.4704174347,99.495122432,99.5655956212,99.5452315828,99.4418751053,99.5569863497
100.0,10.0,5.0,2.0,2.0,-3.0,0.0,200.0,100.0,70.0,99.141089053,99.5147363528,99.5678375686,99.533127615,99.5395367279,99.535853332,99.6296718594,99.4592303473,99.6183290742,99.5938141454
100.0,10.0,5.0,2.0,2.0,-3.0,0.0,200.0,100.0,72.0,99.7127393116,99.8243585834,99.6090421714,99.4489212131,99.8509149179,99.4952949286,99.7696757213,99.6117970271,99.7023125089,99.5311884469
100.0,10.0,5.0,2.0,2.0,-3.0,0.0,200.0,100.0,74.0,99.6966522158,99.3632472504,99.8060368344,99.6504667344,99.2930403915,99.636097723,99.6075930579,99.833784647,99.8020213815,99.875976458
100.0,10.0,5.0,2.0,2.0,-3.0,0.0,200.0,100.0,76.0,99.5365344368,99.8132986102,99.6505338586,99.6948001296,99.6952513397,99.7664746444,99.8053293383,99.8283103667,99.8542385061,99.8176511129
100.0,10.0,5.0,2.0,2.0,-3.0,0.0,200.0,100.0,78.0,99.5831731372,99.8434994222,99.6101505729,99.8524982637,99.8606907993,99.7241468016,99.7388622518,99.8798852268,99.8548427468,99.7379190703
100.0,10.0,5.0,2.0,2.0,-3.0,0.0,200.0,100.0,80.0,99.8837580862,99.9139101253,99.7736059254,99.9028524761,99.8803465312,99.8568628478,99.8139987627,99.8251977628,99.8999876491,99.8279461759
100.0,10.0,1.0,2.0,2.0,-2.0,0.0,200.0,100.0,64.0,99.8995918355,34.6185382488,29.7957938954,34.1954545523,27.2781329996,30.3484928579,27.4359745647,28.1142571421,23.0997252598,26.8921625646
100.0,10.0,1.0,2.0,2.0,-2.0,0.0,200.0,100.0,66.0,32.7379027509,29.3235286659,36.6515488654,33.6349614909,34.5336183327,35.4285538664,30.3158551591,32.84989536,32.2187012523,33.5789988531
100.0,10.0,1.0,2.0,2.0,-2.0,0.0,200.0,100.0,68.0,34.8166577264,33.5101986907,31.484466907,35.4084241431,30.3833002686,35.7550453009,28.4302392485,41.1245506828,36.0309525178,36.6730441274
100.0,10.0,1.0,2.0,2.0,-2.0,0.0,200.0,100.0,70.0,38.2082643445,34.1601197283,38.5123635677,39.3915328478,35.6076669539,38.8534706985,30.6857488144,38.8889709838,38.7336139976,35.7856882847
100.0,10.0,1.0,2.0,2.0,-2.0,0.0,200.0,100.0,72.0,37.2340182454,42.1286362001,39.4447578968,41.7510992028,42.5763931895,42.6286921926,37.8877001741,42.37517294,45.2706773169,35.1649776028
100.0,10.0,1.0,2.0,2.0,-2.0,0.0,200.0,100.0,74.0,43.9957726996,41.7400704105,36.9630153274,43.8127514832,41.4675279332,42.4788415397,47.0595921264,42.2956455162,43.5861376233,44.0049485355
100.0,10.0,1.0,2.0,2.0,-2.0,0.0,200.0,100.0,76.0,43.3907468075,53.5818946888,44.1562377758,46.7037296063,44.7898981883,47.3471670656,43.033694674,55.9339959501,48.2269591427,46.2219472007
100.0,10.0,1.0,2.0,2.0,-2.0,0.0,200.0,100.0,78.0,46.8846200251,50.1606273319,51.8038699069,52.3574770853,48.8285289572,51.7252591922,55.6463684484,48.5610078424,47.4298840544,51.3889834187
100.0,10.0,1.0,2.0,2.0,-2.0,0.0,200.0,100.0,80.0,49.2525514048,58.0588047986,56.5013802374,57.1127242268,54.2646505756,58.3700152805,54.2520267871,59.1715286758,53.3517157683,58.2189118189
100.0,10.0,3.0,2.0,2.0,-2.0,0.0,200.0,100.0,64.0,55.6985551872,89.244469784,86.3137834387,84.6568884869,85.0274893058,87.9638203563,86.0430365796,86.281157572,89.176423936,81.8612299267
100.0,10.0,3.0,2.0,2.0,-2.0,0.0,200.0,100.0,66.0,83.6640969299,87.1877705256,88.8404352484,90.062943326,85.8783163551,88.1640303261,88.6585255649,88.3922900827,89.5244751275,87.8029244242
100.0,10.0,3.0,2.0,2.0,-2.0,0.0,200.0,100.0,68.0,90.2794893607,91.3516444429,89.0033885612,91.2067225358,89.2054486989,90.7968235605,84.811167439,90.9821068183,89.5482832346,92.1226371063
100.0,10.0,3.0,2.0,2.0,-2.0,0.0,200.0,100.0,70.0,90.5029715296,92.7516528591,92.4711171878,91.8899844881,89.5445425975,89.2564882572,92.6307456659,92.0089330644,92.4943453209,91.2595101094
100.0,10.0,3.0,2.0,2.0,-2.0,0.0,200.0,100.0,72.0,92.9640116318,93.4227846972,94.0066573715,91.7359792723,92.3928206995,92.8567034958,93.194181949,92.5936283044,94.2124540478,93.7517535141
100.0,10.0,3.0,2.0,2.0,-2.0,0.0,200.0,100.0,74.0,92.3564080824,93.2807163396,94.5252700055,94.925511577,92.7033546583,95.3000803669,93.0802887208,92.9103154499,95.166520968,95.1544664563
100.0,10.0,3.0,2.0,2.0,-2.0,0.0,200.0,100.0,76.0,95.164147046,93.8743688708,93.241866397,93.970998467,94.0861883569,94.4831817054,94.4697587222,97.0327651301,93.0215501054,94.2461001769
100.0,10.0,3.0,2.0,2.0,-2.0,0.0,200.0,100.0,78.0,94.3078281527,96.5266921778,95.1684482483,95.5977249628,95.1380151701,96.242646603,94.8304875695,93.7327056925,95.6572114173,96.03894587
100.0,10.0,3.0,2.0,2.0,-2.0,0.0,200.0,100.0,80.0,95.6234897741,95.8296307592,95.791835164,96.5599346698,95.4555685765,95.491445355,95.3777455129,96.332766109,97.061360082,94.5804709127
100.0,10.0,5.0,2.0,2.0,-2.0,0.0,200.0,100.0,64.0,96.0884704455,99.0823553831,99.0407367744,98.2627314973,98.824575423,98.7261585206,99.1069885388,99.1289023166,99.1080035766,98.6877963635
100.0,10.0,5.0,2.0,2.0,-2.0,0.0,200.0,100.0,66.0,98.7849584148,99.3339019842,99.0061154906,99.5780746765,99.5318708478,99.2785294067,99.5271749962,99.4803693927,99.2908071693,99.3836310032
100.0,10.0,5.0,2.0,2.0,-2.0,0.0,200.0,100.0,68.0,99.3904262973,99.4069966653,99.3715617347,99.0767168715,99.6451755247,99.4683389226,99.4443160621,99.6477276138,99.6408941762,99.6792612665
100.0,10.0,5.0,2.0,2.0,-2.0,0.0,200.0,100.0,70.0,99.6026951464,99.6286511832,99.7542590118,99.5309371841,99.380944452,99.5707797815,99.7137246836,99.8305660966,99.623499319,99.583684409
100.0,10.0,5.0,2.0,2.0,-2.0,0.0,200.0,100.0,72.0,99.5805059557,99.5463860895,99.6957074015,99.6103466018,99.6879772793,99.6535932255,99.5970956712,99.7999781807,99.6247175285,99.6547026871
100.0,10.0,5.0,2.0,2.0,-2.0,0.0,200.0,100.0,74.0,99.4703969516,99.7381797706,99.7470026147,99.6432629639,99.7023574343,99.7293121209,99.6437626891,99.5622330295,99.8518216197,99.6951148363
100.0,10.0,5.0,2.0,2.0,-2.0,0.0,200.0,100.0,76.0,99.7573546023,99.8148641518,99.8221684006,99.667582156,99.8589726318,99.7675285677,99.8694489237,99.8651562253,99.7647606599,99.7988849008
100.0,10.0,5.0,2.0,2.0,-2.0,0.0,200.0,100.0,78.0,99.6928948015,99.800493175,99.8936088969,99.832731429,99.8798908287,99.8749673115,99.8500113605,99.8426757509,99.8799643003,99.9031218712
100.0,10.0,5.0,2.0,2.0,-2.0,0.0,200.0,100.0,80.0,99.8540653755,99.8324544825,99.8059068196,99.9081842163,99.8560786604,99.9018519947,99.9226331486,99.7561328136,99.91557368,99.8109908426
100.0,10.0,1.0,2.0,2.0,-1.0,0.0,200.0,100.0,64.0,99.8597949483,35.5264067651,29.628479709,30.535467875,34.9982158266,31.1033478166,24.7310515676,38.2065659388,28.8705481415,31.2491517999
100.0,10.0,1.0,2.0,2.0,-1.0,0.0,200.0,100.0,66.0,28.7626582786,37.3853694051,34.7983523157,31.8666154483,28.8648352461,29.5195686476,31.1250936124,36.0138619943,30.2159387495,33.1985507401
100.0,10.0,1.0,2.0,2.0,-1.0,0.0,200.0,100.0,68.0,32.4303951563,34.7169706194,31.4180506263,41.765390915,33.526337329,37.6057233163,39.0318213495,31.9309694723,37.9026132468,39.4563603284
100.0,10.0,1.0,2.0,2.0,-1.0,0.0,200.0,100.0,70.0,36.989067129,38.6836407759,39.9773584726,45.3457553914,42.9720018788,38.9178075039,45.2995619277,42.141899756,43.430447051,38.4882751646
100.0,10.0,1.0,2.0,2.0,-1.0,0.0,200.0,100.0,72.0,42.678702554,47.547582464,43.8471731378,39.2963972724,46.7903320423,46.9603976471,46.5960796053,40.3737735017,42.5369640115,42.5131833221
100.0,10.0,1.0,2.0,2.0,-1.0,0.0,200.0,100.0,74.0,40.7336883745,46.4689062595,45.9366620646,49.6778469913,45.5337966224,45.6261821945,49.3387087572,43.6391714864,48.4371544522,44.1887745989
100.0,10.0,1.0,2.0,2.0,-1.0,0.0,200.0,100.0,76.0,47.3112279557,54.9157117596,47.6408657139,51.850982206,52.7693308137,50.3753497138,47.1893350198,51.7564330232,49.3692466974,56.6671140046
100.0,10.0,1.0,2.0,2.0,-1.0,0.0,200.0,100.0,78.0,48.447841757,56.7392578042,57.5090054837,57.3250278883,58.0004222392,52.1473190769,57.6319953412,52.2252680205,56.9671687741,56.9158677201
100.0,10.0,1.0,2.0,2.0,-1.0,0.0,200.0,100.0,80.0,54.400230978,56.4064759731,59.2803917951,51.6394094021,57.3643731422,58.0064493151,55.1264573355,56.0683820671,54.6224138748,59.8879780183
100.0,10.0,3.0,2.0,2.0,-1.0,0.0,200.0,100.0,64.0,59.095609472,89.7971014417,86.8272669458,86.5690892343,87.4822375399,89.8428376748,86.5351933331,86.9978336742,89.3812810131,85.5985295073
100.0,10.0,3.0,2.0,2.0,-1.0,0.0,200.0,100.0,66.0,87.1212236897,85.6579536547,89.6118067651,90.6247575403,89.0206530411,87.6587747535,86.2618558467,87.0716355411,89.4285621731,90.3371678841
100.0,10.0,3.0,2.0,2.0,-1.0,0.0,200.0,100.0,68.0,87.4947216451,91.4162364661,91.6957574989,89.7080677715,90.2898212513,88.4825044597,89.4668557234,90.0817364378,90.1818152271,87.9992314422
100.0,10.0,3.0,2.0,2.0,-1.0,0.0,200.0,100.0,70.0,90.8858762086,91.8594245784,91.165774281,88.2029375352,92.9413139379,93.1703580139,88.7075743586,91.6508081485,91.0055196866,94.6185458471
100.0,10.0,3.0,2.0,2.0,-1.0,0.0,200.0,100.0,72.0,90.9585336306,95.2951795349,90.857997536,93.2540438291,94.435254714,92.3966246069,92.795288252,92.6433669822,92.8526480645,94.6547693467
100.0,10.0,3.0,2.0,2.0,-1.0,0.0,200.0,100.0,74.0,93.9675812245,95.1163883698,94.4672551669,94.8353126791,93.2287913362,93.2557809483,94.6662977413,94.33246151,92.1584078771,95.1134822719
100.0,10.0,3.0,2.0,2.0,-1.0,0.0,200.0,100.0,76.0,93.8563552732,94.3621875435,92.8087872151,95.0212643917,95.7488823863,96.4963543873,94.7566845052,94.1201717393,95.0065669396,94.3035453461
100.0,10.0,3.0,2.0,2.0,-1.0,0.0,200.0,100.0,78.0,94.9635758876,95.4117217499,95.8682765143,96.375507492,95.7778469999,96.2110324857,95.8386566565,96.826766979,96.7044096222,95.5715599807
100.0,10.0,3.0,2.0,2.0,-1.0,0.0,200.0,100.0,80.0,94.6317851255,95.4594054856,96.4356141142,95.8210170529,96.3518292406,96.4493908593,95.7682303443,96.7203121728,96.2067571845,96.1000123176
100.0,10.0,5.0,2.0,2.0,-1.0,0.0,200.0,100.0,64.0,95.6145938496,99.1807871787,99.249416639,99.2328244337,99.1855566714,99.4778223573,99.344326032,98.8386098235,98.9505710005,98.9578956551
100.0,10.0,5.0,2.0,2.0,-1.0,0.0,200.0,100.0,66.0,99.3073477656,99.4542930543,99.6481620223,99.1944220988,99.3741226292,99.2622683334,99.5773194796,99.3786070568,99.3350758162,99.5046446448
100.0,10.0,5.0,2.0,2.0,-1.0,0.0,200.0,100.0,68.0,99.5528026168,99.5756305585,99.6993487604,99.4600790763,99.6697319738,99.5825643283,99.5192443442,99.5524703946,99.5279032935,99.5049331622
100.0,10.0,5.0,2.0,2.0,-1.0,0.0,200.0,100.0,70.0,99.4440645811,99.7279244293,99.515621418,99.6923135271,99.5275808815,99.841755028,99.5770805523,99.6772929606,99.680709805,99.6820222355
100.0,10.0,5.0,2.0,2.0,-1.0,0.0,200.0,100.0,72.0,99.684359888,99.6551029833,99.6932351033,99.723658261,99.7854634773,99.5552686594,99.7315128886,99.6834409719,99.7457514925,99.7985942072
100.0,10.0,5.0,2.0,2.0,-1.0,0.0,200.0,100.0,74.0,99.503265468,99.7774266469,99.6513370937,99.7043308588,99.8593622797,99.7348555495,99.7451921752,99.8676513255,99.841311146,99.7730848787
100.0,10.0,5.0,2.0,2.0,-1.0,0.0,200.0,100.0,76.0,99.8205589866,99.929663048,99.87868211,99.7429168823,99.7901931329,99.8755643089,99.8844881397,99.7725579218,99.8669403626,99.6685282367
100.0,10.0,5.0,2.0,2.0,-1.0,0.0,200.0,100.0,78.0,99.7266142538,99.8049706686,99.8444523729,99.867798214,99.8574638824,99.8980444957,99.832437741,99.895898299,99.8402293694,99.7855354749
100.0,10.0,5.0,2.0,2.0,-1.0,0.0,200.0,100.0,80.0,99.8433226862,99.860790636,99.9228695156,99.8761281959,99.8302654246,99.9316531303,99.8005719895,99.9425882391,99.9497374816,99.8859946122
100.0,10.0,1.0,2.0,2.0,0.0,0.0,200.0,100.0,64.0,99.9438097752,22.5886001569,33.8926903942,30.1145890599,31.5877751969,35.5056217228,33.0914955173,32.1540498266,32.0317440985,35.6257241252
100.0,10.0,1.0,2.0,2.0,0.0,0.0,200.0,100.0,66.0,30.7046114407,33.9538855917,33.1950512264,28.6256126759,27.0395686572,36.6254048143,40.1887102233,37.6280278717,38.8908828868,40.1943762074
100.0,10.0,1.0,2.0,2.0,0.0,0.0,200.0,100.0,68.0,35.3998727998,40.352427723,37.093465165,33.7063453794,36.0584445815,41.8905486527,35.4355894599,33.4387774054,39.1325324402,46.7020447966
100.0,10.0,1.0,2.0,2.0,0.0,0.0,200.0,100.0,70.0,40.6339634973,40.4101014734,40.8011690499,41.1892776379,40.6416460034,44.8868639499,44.8822549276,46.4094332925,41.0807938747,44.5457186245
100.0,10.0,1.0,2.0,2.0,0.0,0.0,200.0,100.0,72.0,39.5450252176,48.0037532084,43.6969907229,40.4473959948,45.3939921167,45.947229175,45.2499957781,46.7789572701,41.7759124886,45.3700553501
100.0,10.0,1.0,2.0,2.0,0.0,0.0,200.0,100.0,74.0,46.0921116108,45.1886290092,56.4752068612,47.8089705028,45.9656930199,50.061497239,56.3914834672,48.2890181458,54.3897169335,47.5587789812
100.0,10.0,1.0,2.0,2.0,0.0,0.0,200.0,100.0,76.0,47.8175112608,51.3596493347,53.6105148176,54.0023874202,51.9797987642,57.7239453857,44.5761292947,55.1535395618,53.1368805691,55.2340632622
100.0,10.0,1.0,2.0,2.0,0.0,0.0,200.0,100.0,78.0,52.5149491556,56.5141979823,54.3911559743,61.286622125,57.5855177582,63.6677293222,55.3348921798,53.9319567224,53.6623213914,56.5293007357
100.0,10.0,1.0,2.0,2.0,0.0,0.0,200.0,100.0,80.0,59.8303719992,59.608366151,56.071880755,55.4070396117,59.6860145316,65.0817690273,64.4876343006,60.5222215413,58.7102738973,63.4873395362
100.0,10.0,3.0,2.0,2.0,0.0,0.0,200.0,100.0,64.0,61.8541884319,88.9831607665,90.6062503444,88.7077830269,88.7269650861,84.6838758784,85.5310047946,91.2613775828,88.4540130548,90.4537513578
100.0,10.0,3.0,2.0,2.0,0.0,0.0,200.0,100.0,66.0,86.7065508947,90.3107000788,86.9160700199,91.819008549,89.4336009079,92.1458537674,90.8938934848,90.5496051331,89.3753416632,90.0676014874
100.0,10.0,3.0,2.0,2.0,0.0,0.0,200.0,100.0,68.0,88.1214634103,90.9013067469,93.049904595,91.7129036263,91.8716280904,91.03192691,91.6651178332,89.8474305401,90.0987415582,90.5458949236
100.0,10.0,3.0,2.0,2.0,0.0,0.0,200.0,100.0,70.0,92.6729586874,92.4932437578,94.4625126322,95.4880275757,91.8960039492,92.7825304418,92.7376412262,91.6188149855,94.2491191174,92.4189096836
100.0,10.0,3.0,2.0,2.0,0.0,0.0,200.0,100.0,72.0,92.3594667757,92.9268979989,94.3748380289,94.9801242288,93.8017548943,95.2710345154,94.5230829359,95.0521967835,95.0190253899,92.9343681017
100.0,10.0,3.0,2.0,2.0,0.0,0.0,200.0,100.0,74.0,93.4703273907,95.5760410512,93.699082432,93.8690605036,96.453118947,95.0964636956,93.9204813895,94.1457678412,94.4850545517,95.2730721366
100.0,10.0,3.0,2.0,2.0,0.0,0.0,200.0,100.0,76.0,95.0119258646,94.6805897121,96.2468444812,94.8370007329,95.1235444827,94.9735634609,95.0360925073,93.5751502681,95.0534897188,96.2785466533
100.0,10.0,3.0,2.0,2.0,0.0,0.0,200.0,100.0,78.0,94.7584855359,97.3930295254,96.2021941026,96.0576992163,96.7204486334,96.8439705163,97.5375668666,96.0781818817,96.3560803206,95.2787258791
100.0,10.0,3.0,2.0,2.0,0.0,0.0,200.0,100.0,80.0,96.490003588,97.5442733917,96.9821360269,95.9197148355,95.4617715719,95.7695814865,95.694312364,96.4725524181,97.3369290016,97.9451215129
100.0,10.0,5.0,2.0,2.0,0.0,0.0,200.0,100.0,64.0,97.4169034555,99.2496843975,99.0407855407,99.430181168,99.3116594096,99.2489949606,99.1304598534,98.6577582387,99.3708190177,99.1675636523
100.0,10.0,5.0,2.0,2.0,0.0,0.0,200.0,100.0,66.0,99.3155850019,99.0195321396,99.5444948429,99.3923630344,99.3157497501,99.3648349329,99.5168448167,99.3632588967,99.3310848237,99.5974099277
100.0,10.0,5.0,2.0,2.0,0.0,0.0,200.0,100.0,68.0,99.4764181076,99.515373255,99.4968049062,99.4719965144,99.6671820823,99.2226019485,99.7253199787,99.5591507021,99.6948779537,99.6552107726
100.0,10.0,5.0,2.0,2.0,0.0,0.0,200.0,100.0,70.0,99.5843615521,99.7330405391,99.7957264335,99.7248563732,99.6243198554,99.7439813683,99.6793554361,99.7092310211,99.5746141195,99.6473316837
100.0,10.0,5.0,2.0,2.0,0.0,0.0,200.0,100.0,72.0,99.6545012782,99.8098760996,99.6322742859,99.7661437011,99.8132872055,99.7775594541,99.8318871559,99.3371297999,99.7466857969,99.7459126728
100.0,10.0,5.0,2.0,2.0,0.0,0.0,200.0,100.0,74.0,99.8296701221,99.9089488585,99.7141944564,99.6407497806,99.7268090161,99.6078576309,99.7981862624,99.8807479095,99.665919337,99.8573165261
100.0,10.0,5.0,2.0,2.0,0.0,0.0,200.0,100.0,76.0,99.8044816846,99.8536160749,99.8848395942,99.779932805,99.8411811925,99.7116671479,99.9217796344,99.8842528092,99.9081242572,99.8858002003
100.0,10.0,5.0,2.0,2.0,0.0,0.0,200.0,100.0,78.0,99.8974816572,99.9286271242,99.9211028271,99.8224542233,99.8847146199,99.8738927142,99.7804206833,99.9479768819,99.8345539957,99.8242232947
100.0,10.0,5.0,2.0,2.0,0.0,0.0,200.0,100.0,80.0,99.9024152289,99.92906555,99.8541171664,99.9130605983,99.9477776961,99.7846348736,99.8561734554,99.9119529621,99.9625608229,99.8901734107
100.0,10.0,1.0,2.0,2.0,1.0,0.0,200.0,100.0,64.0,99.9284528149,33.4028175794,29.1996547229,33.2631474652,34.9915932939,29.0966565372,38.4617911953,40.7457030185,31.8058012192,33.8326151645
100.0,10.0,1.0,2.0,2.0,1.0,0.0,200.0,100.0,66.0,38.5505645105,35.8996166915,42.1354249378,36.5041389146,38.9048152923,39.0831178422,39.8851892218,34.6907406299,39.8087576799,41.9118350576
100.0,10.0,1.0,2.0,2.0,1.0,0.0,200.0,100.0,68.0,38.366544407,40.7387147751,40.5373032369,37.8386161564,42.2825869603,34.759946902,40.4716032473,36.3124210765,39.6849120783,41.4040272963
100.0,10.0,1.0,2.0,2.0,1.0,0.0,200.0,100.0,70.0,47.0393492776,39.4977310346,47.3254945452,40.9954999124,43.4293693582,44.3911534666,47.5450343523,44.496599129,39.8890570139,42.8269787937
100.0,10.0,1.0,2.0,2.0,1.0,0.0,200.0,100.0,72.0,43.6493979708,50.8291780352,50.8728764919,51.9182229811,53.0391248933,50.1085727218,50.8770390758,44.0028564384,52.3564368197,50.3708016056
100.0,10.0,1.0,2.0,2.0,1.0,0.0,200.0,100.0,74.0,47.3695883336,47.4196761537,50.9043456662,48.2956412963,47.242332358,48.0941212443,60.5888272309,50.5233235208,51.3798277624,43.1183292021
100.0,10.0,1.0,2.0,2.0,1.0,0.0,200.0,100.0,76.0,52.2497868654,62.4318438578,57.8595380302,57.4879143999,60.0418500463,54.4161947811,58.2830796467,61.2655824873,52.5005109582,51.9636875351
100.0,10.0,1.0,2.0,2.0,1.0,0.0,200.0,100.0,78.0,52.7995108305,57.927230259,57.0332088639,61.2576174469,65.5784406414,62.2929486425,58.9671778865,52.1015190315,57.097038002,63.6599670824
100.0,10.0,1.0,2.0,2.0,1.0,0.0,200.0,100.0,80.0,62.4259176505,67.7676507405,64.506576914,59.059740453,62.4500747213,64.6918955254,63.0271494634,60.8439330234,64.2627092689,62.0993723646
100.0,10.0,3.0,2.0,2.0,1.0,0.0,200.0,100.0,64.0,65.3501595788,88.6108259812,92.0975983712,88.7834246255,90.9840448501,90.4013442568,88.4831178598,91.0493741112,87.5062968724,92.169251163
100.0,10.0,3.0,2.0,2.0,1.0,0.0,200.0,100.0,66.0,87.3099331434,90.6725236438,91.630425385,91.8783749452,90.3110775307,89.12742401,92.235133351,91.1015306928,89.0186094985,89.5187832798
100.0,10.0,3.0,2.0,2.0,1.0,0.0,200.0,100.0,68.0,92.2482677014,91.5483287556,88.5973414249,92.4947970023,92.1200450401,94.1087779208,93.9850707169,92.5026182969,89.2863545339,92.8315290787
100.0,10.0,3.0,2.0,2.0,1.0,0.0,200.0,100.0,70.0,92.7991607652,94.9176669945,91.4169158712,94.9711063075,93.1090908176,94.3844162353,91.6185516972,94.2848791031,93.1890811103,93.2479179664
100.0,10.0,3.0,2.0,2.0,1.0,0.0,200.0,100.0,72.0,94.4581830829,94.2052454983,95.2256901749,93.6593372983,94.5245779141,92.2941532848,92.9669291188,94.1912499152,94.3064505027,95.481908001
100.0,10.0,3.0,2.0,2.0,1.0,0.0,200.0,100.0,74.0,93.820395716,93.9757020025,95.2966007911,95.5247407551,95.76830368,94.7127121355,94.8522426579,97.1299208812,95.9949578284,95.9466139837
100.0,10.0,3.0,2.0,2.0,1.0,0.0,200.0,100.0,76.0,93.9777423587,95.2751586614,96.1691198329,96.011849471,95.0420285345,95.8263795057,97.5407346696,96.4389872804,95.1576744969,96.2859737249
100.0,10.0,3.0,2.0,2.0,1.0,0.0,200.0,100.0,78.0,96.2553008165,97.3367879248,97.4645897378,97.7008841998,96.0779699962,96.937191077,96.4276103493,96.2973548484,96.9599015625,96.9605520608
100.0,10.0,3.0,2.0,2.0,1.0,0.0,200.0,100.0,80.0,95.6554493948,96.9272331258,96.3517721221,97.3081760089,97.3002201157,96.4683254586,97.4236530197,96.9982536363,96.819445988,97.5116184747
100.0,10.0,5.0,2.0,2.0,1.0,0.0,200.0,100.0,64.0,97.2687704515,99.5175922277,99.6150143531,98.5205460241,98.5029040669,99.0793773874,99.3878331727,99.2215314725,98.9475508956,99.4607346622
100.0,10.0,5.0,2.0,2.0,1.0,0.0,200.0,100.0,66.0,99.4593273755,99.6433727348,99.4955525698,99.6922413205,99.5141135195,99.710139112,99.5614747508,99.4337156073,99.21341129,99.6137751052
100.0,10.0,5.0,2.0,2.0,1.0,0.0,200.0,100.0,68.0,99.3151996561,99.5418830166,99.4827273892,99.4051230232,99.7046571165,99.542693512,99.7053987117,99.6461997601,99.7569955851,99.64908861
100.0,10.0,5.0,2.0,2.0,1.0,0.0,200.0,100.0,70.0,99.6499350529,99.7766173955,99.5820409988,99.8146927229,99.7027361987,99.806962368,99.6985276892,99.8617824644,99.580270183,99.6549332801
100.0,10.0,5.0,2.0,2.0,1.0,0.0,200.0,100.0,72.0,99.7783288825,99.8675050493,99.847837561,99.8315107921,99.8146331757,99.7211546878,99.6713339212,99.6588595466,99.8172355817,99.8187711382
100.0,10.0,5.0,2.0,2.0,1.0,0.0,200.0,100.0,74.0,99.8100878624,99.7917212033,99.7838759584,99.7639260055,99.855195437,99.8125420332,99.8058202918,99.7521002549,99.7551638754,99.8200622473
100.0,10.0,5.0,2.0,2.0,1.0,0.0,200.0,100.0,76.0,99.7390075196,99.9083454529,99.8233305929,99.8178248868,99.8539075584,99.8772103245,99.8766080214,99.9117112648,99.857057476,99.8976385189
100.0,10.0,5.0,2.0,2.0,1.0,0.0,200.0,100.0,78.0,99.7679019191,99.9415602559,99.9210825719,99.9317220473,99.8955651277,99.8411493751,99.9118613284,99.9404438759,99.8763323139,99.9062447366
100.0,10.0,5.0,2.0,2.0,1.0,0.0,200.0,100.0,80.0,99.8925570232,99.8387405709,99.9503975781,99.8907569049,99.9499617052,99.9143617111,99.9499240278,99.913490514,99.9545893607,99.9486155078
100.0,10.0,1.0,2.0,2.0,2.0,0.0,200.0,100.0,64.0,99.9142194503,38.7444041702,32.5524563023,40.2358107245,37.6824085719,45.9026049386,33.7548272016,34.8873662114,36.8026499342,38.1743229453
100.0,10.0,1.0,2.0,2.0,2.0,0.0,200.0,100.0,66.0,42.4504305712,34.5312040894,40.9305507691,44.9236512997,43.8420245145,38.6175767389,39.617159311,41.6614320018,38.5677297885,44.3867731786
100.0,10.0,1.0,2.0,2.0,2.0,0.0,200.0,100.0,68.0,38.588380241,42.0033483958,44.3708643707,39.3549996184,44.7831987498,43.3224111249,44.2574135148,49.134200237,41.7887568302,41.2069118566
100.0,10.0,1.0,2.0,2.0,2.0,0.0,200.0,100.0,70.0,42.2468663076,48.391139919,49.3568048947,52.801425105,45.2484506668,44.1420599146,45.9206633255,45.1519049967,45.5153322085,49.8344853933
100.0,10.0,1.0,2.0,2.0,2.0,0.0,200.0,100.0,72.0,40.3040483978,50.9676729429,44.3951177991,54.7436450819,54.1952848314,50.5448071593,47.7316247135,44.1267970257,54.0434794173,44.4376538865
100.0,10.0,1.0,2.0,2.0,2.0,0.0,200.0,100.0,74.0,51.3790579934,55.8940941987,53.4819416754,55.4469211663,53.2225528297,54.4256246484,50.8694034518,60.4728661267,52.7712793232,55.6466069672
100.0,10.0,1.0,2.0,2.0,2.0,0.0,200.0,100.0,76.0,58.5263013005,55.1243300427,57.0776347782,59.5225865424,55.9457146039,57.4904986914,59.5488002598,56.7912318386,58.7770983441,57.6715446089
100.0,10.0,1.0,2.0,2.0,2.0,0.0,200.0,100.0,78.0,53.0163047125,62.5640487604,63.7375591096,61.5436199704,62.5244659965,59.4215025596,64.0859189875,59.2389616885,63.6764796261,62.0875170919
100.0,10.0,1.0,2.0,2.0,2.0,0.0,200.0,100.0,80.0,59.0559837103,63.1553968509,65.2652859018,63.8322986947,64.7185286479,66.8461882783,70.3659281211,69.4433861884,63.3056703139,63.8823094484
100.0,10.0,3.0,2.0,2.0,2.0,0.0,200.0,100.0,64.0,67.9362146814,90.4782053538,89.0618196201,90.9905326913,90.3639959401,88.3087333188,89.1899452414,89.8786348111,90.7851871848,89.3363963209
100.0,10.0,3.0,2.0,2.0,2.0,0.0,200.0,100.0,66.0,88.9275550594,91.4403597876,91.0697229552,92.8742862307,91.4376303022,91.0457485879,92.415174823,89.5716269468,91.7323182526,93.6809509737
100.0,10.0,3.0,2.0,2.0,2.0,0.0,200.0,100.0,68.0,91.7575001991,93.3232225318,94.2851340146,93.1917139338,93.5563022909,90.1275829592,94.2323376537,93.560965767,94.4940445652,91.3675760791
100.0,10.0,3.0,2.0,2.0,2.0,0.0,200.0,100.0,70.0,90.6264698964,93.2064823032,95.469132847,93.1897277689,91.7157167489,94.3598520172,95.660974162,96.5698978669,94.7749117871,94.34304509
100.0,10.0,3.0,2.0,2.0,2.0,0.0,200.0,100.0,72.0,93.0062836657,95.0754842034,93.6393397158,95.8556941623,95.677058676,94.6868781399,93.3166292802,95.8242887763,94.148923032,96.5511699784
100.0,10.0,3.0,2.0,2.0,2.0,0.0,200.0,100.0,74.0,96.0824483698,96.5991600571,95.233690213,93.6444147129,95.242943997,96.1551317058,93.9394937091,95.6343393014,96.4929073114,93.7860916178
100.0,10.0,3.0,2.0,2.0,2.0,0.0,200.0,100.0,76.0,95.897467169,95.9506999976,96.8221594728,94.768793551,97.2274486019,95.3836920673,96.8514407267,96.292362033,97.1780456406,96.3659000398
100.0,10.0,3.0,2.0,2.0,2.0,0.0,200.0,100.0,78.0,96.7608202024,97.552726281,97.4301807131,96.4627977353,97.1834671669,96.1557550439,97.9237121888,96.9096117458,96.8591196055,97.2552350074
100.0,10.0,3.0,2.0,2.0,2.0,0.0,200.0,100.0,80.0,96.8877081643,96.4511603212,97.2248251658,97.7022268657,97.077967346,97.4172749116,98.5007445313,97.0221065112,96.7171974627,97.1950048459
100.0,10.0,5.0,2.0,2.0,2.0,0.0,200.0,100.0,64.0,97.5521754895,99.3402629151,99.2344359414,99.6013874035,99.4706458418,99.5601703589,99.5702000681,99.293583341,99.5054336183,99.2786483589
100.0,10.0,5.0,2.0,2.0,2.0,0.0,200.0,100.0,66.0,99.4595259945,99.4376724974,99.6543351424,99.4734530722,99.4324656653,99.5596788707,99.4281019579,99.6201329641,99.4641072671,99.6056152575
100.0,10.0,5.0,2.0,2.0,2.0,0.0,200.0,100.0,68.0,99.6959430883,99.7461856708,99.30011881,99.6200979656,99.4380856472,99.5644953456,99.7097913312,99.6160195167,99.5239300811,99.7808623065
100.0,10.0,5.0,2.0,2.0,2.0,0.0,200.0,100.0,70.0,99.6095186057,99.7600369247,99.4924437475,99.7688325692,99.7464317842,99.7924039357,99.6492042763,99.8272723615,99.5125606576,99.7696861603
100.0,10.0,5.0,2.0,2.0,2.0,0.0,200.0,100.0,72.0,99.6899230313,99.805205112,99.9004245302,99.7842640248,99.7968764215,99.8199761947,99.8546858789,99.7103688708,99.8118083734,99.8358074953
100.0,10.0,5.0,2.0,2.0,2.0,0.0,200.0,100.0,74.0,99.5612052382,99.9376479553,99.7449825348,99.8455698589,99.8401417307,99.9522686989,99.8320966855,99.8171178113,99.8834982295,99.8742352867
100.0,10.0,5.0,2.0,2.0,2.0,0.0,200.0,100.0,76.0,99.925460646,99.921634654,99.8622638774,99.8654119711,99.8828273832,99.7241937565,99.8847725964,99.6256679501,99.9065567413,99.8927615296
100.0,10.0,5.0,2.0,2.0,2.0,0.0,200.0,100.0,78.0,99.9024022944,99.9431538973,99.8937598015,99.9327628452,99.8110904819,99.9165859162,99.8671173974,99.8866190603,99.8915862195,99.9436611667
100.0,10.0,5.0,2.0,2.0,2.0,0.0,200.0,100.0,80.0,99.8848413996,99.8242155549,99.835386927,99.9522706284,99.9695604479,99.9588033137,99.9306554733,99.963826898,99.8945888813,99.9444062301
100.0,10.0,1.0,2.0,2.0,3.0,0.0,200.0,100.0,64.0,99.9082792295,30.0010733763,33.9006556482,38.309579876,46.1309026549,43.7056293087,36.5750630218,40.1858694301,39.2888692594,40.3843540587
100.0,10.0,1.0,2.0,2.0,3.0,0.0,200.0,100.0,66.0,35.4578700893,42.048144104,42.7037569334,40.3877323598,40.8920431492,42.1061318618,42.5383171199,41.9446196524,47.1744555562,40.2895511438
100.0,10.0,1.0,2.0,2.0,3.0,0.0,200.0,100.0,68.0,38.7817894235,48.8507287492,48.6511954327,45.2094695432,46.9523801112,46.0367347391,43.4560041272,47.0493143887,49.3539705391,46.7495159619
100.0,10.0,1.0,2.0,2.0,3.0,0.0,200.0,100.0,70.0,47.4164136526,52.8899542585,47.6860821087,52.1751146995,46.4224744486,46.7674649341,47.6666740029,47.1512949472,55.9388056588,51.6482471232
100.0,10.0,1.0,2.0,2.0,3.0,0.0,200.0,100.0,72.0,50.1320266066,51.7343758568,55.4653670137,57.7995918801,54.9701197651,50.5864510671,54.7716977629,55.7614667905,54.9544807396,47.3128391036
100.0,10.0,1.0,2.0,2.0,3.0,0.0,200.0,100.0,74.0,53.3112885226,55.1562510156,59.1711923952,53.5297049596,56.0666429226,57.5285824478,61.5937495926,57.3584650874,58.4055630835,58.3822641215
100.0,10.0,1.0,2.0,2.0,3.0,0.0,200.0,100.0,76.0,62.1169261434,60.0074594282,59.6471065861,63.953973651,63.6824169364,60.2809266272,58.6040691796,59.5652657696,64.2562676903,62.5112756347
100.0,10.0,1.0,2.0,2.0,3.0,0.0,200.0,100.0,78.0,58.0418919137,70.9272135537,66.8168659152,62.3806538753,62.2671160213,64.6327139771,64.5065364527,65.4094661068,64.7630249349,64.6815199177
100.0,10.0,1.0,2.0,2.0,3.0,0.0,200.0,100.0,80.0,68.1440440844,65.2305831662,69.2149619964,67.3418334896,66.9329617144,69.3503795982,69.7061436126,66.0331121323,67.1643183836,64.5502435501
100.0,10.0,3.0,2.0,2.0,3.0,0.0,200.0,100.0,64.0,64.8428797566,91.7138958244,89.6661489845,92.751957875,91.420059327,92.4642892466,89.4800334723,90.8500720568,89.8422211055,91.1786293308
100.0,10.0,3.0,2.0,2.0,3.0,0.0,200.0,100.0,66.0,89.5747728291,91.655817925,91.9219908716,91.799986882,93.0687526511,94.1897024393,93.3445144871,93.5219360129,92.0383893605,92.2961972262
100.0,10.0,3.0,2.0,2.0,3.0,0.0,200.0,100.0,68.0,92.9495570044,93.4050566686,93.82366631,93.5001265958,92.9323005211,94.5902719829,95.0446391187,94.1601038683,92.2068258696,93.8322265059
100.0,10.0,3.0,2.0,2.0,3.0,0.0,200.0,100.0,70.0,94.1858139366,93.4132967452,92.7806073637,94.6357812082,92.8797437036,93.4990540305,94.9948963261,94.7371155134,94.7630256031,96.0827737694
100.0,10.0,3.0,2.0,2.0,3.0,0.0,200.0,100.0,72.0,96.6138807249,96.2791584076,94.0774952091,93.7380767767,95.4246821842,95.2885070668,94.6890879594,96.1395900784,94.9591685128,95.4495481957
100.0,10.0,3.0,2.0,2.0,3.0,0.0,200.0,100.0,74.0,96.4151656642,96.9468699317,95.747139149,95.4093202368,95.7624326667,96.8409220014,96.7299197542,95.863927886,97.4109023653,96.9024479278
100.0,10.0,3.0,2.0,2.0,3.0,0.0,200.0,100.0,76.0,96.9228246707,97.1185811111,96.7104011742,96.0364587586,96.0568451731,95.7211298817,96.640266016,96.2339570651,96.9150687257,97.6315561622
100.0,10.0,3.0,2.0,2.0,3.0,0.0,200.0,100.0,78.0,96.3358973971,97.0643261767,97.6651386607,97.1906468225,97.9482196177,97.9691714779,96.93020273,97.6318935284,97.888594433,97.4645384321
100.0,10.0,3.0,2.0,2.0,3.0,0.0,200.0,100.0,80.0,97.7469472508,96.9176739548,98.0044813734,98.8084119389,97.4112299615,98.452192866,98.5841172029,97.3875575116,97.8836942357,98.553953825
100.0,10.0,5.0,2.0,2.0,3.0,0.0,200.0,100.0,64.0,98.7072468242,99.4013003678,99.5642457518,99.3373518455,99.657139448,99.7313658753,99.4366456427,99.5330368659,99.3510529248,99.1900533283
100.0,10.0,5.0,2.0,2.0,3.0,0.0,200.0,100.0,66.0,99.2922744295,99.6454458078,99.7088336798,99.5067668911,99.6886414319,99.7326768851,99.7321995276,99.5588350961,99.5603895313,99.7186797479
100.0,10.0,5.0,2.0,2.0,3.0,0.0,200.0,100.0,68.0,99.5042662381,99.713730036,99.720627342,99.6520441602,99.7321325552,99.6561520242,99.7088323073,99.8226917881,99.7058773511,99.7758229473
100.0,10.0,5.0,2.0,2.0,3.0,0.0,200.0,100.0,70.0,99.7575641391,99.837355228,99.8935745067,99.8142952351,99.7242007262,99.7813649106,99.7937664307,99.7968374521,99.8695406095,99.7869501723
100.0,10.0,5.0,2.0,2.0,3.0,0.0,200.0,100.0,72.0,99.7914535075,99.7333996808,99.8235805799,99.9095168319,99.8854768818,99.8733065638,99.6632840535,99.816450951,99.8761557405,99.8963147239
100.0,10.0,5.0,2.0,2.0,3.0,0.0,200.0,100.0,74.0,99.7357955228,99.9184685067,99.8709713316,99.8913028224,99.8493402275,99.8973932062,99.6925515447,99.8771740668,99.9114579465,99.9222821597
100.0,10.0,5.0,2.0,2.0,3.0,0.0,200.0,100.0,76.0,99.845553498,99.9377082261,99.8873811583,99.9487089036,99.8633192806,99.9698986839,99.8475070879,99.7857667602,99.8899598912,99.8912592488
100.0,10.0,5.0,2.0,2.0,3.0,0.0,200.0,100.0,78.0,99.91306756,99.9201022721,99.9544827802,99.9584936173,99.9463209648,99.9216958013,99.9173455803,99.867277492,99.9570765335,99.8283563927
100.0,10.0,5.0,2.0,2.0,3.0,0.0,200.0,100.0,80.0,99.9296568104,99.9213931522,99.9697113703,99.9074139233,99.9591670542,99.9611823495,99.9482901395,99.9603432064,99.9038457569,99.9404830858
100.0,10.0,1.0,2.0,2.0,4.0,0.0,200.0,100.0,64.0,99.9596573942,41.2940158055,36.4623400405,38.284073879,37.1003491024,42.2343975351,39.0515883318,33.0089423154,44.8524284227,45.5679915421
100.0,10.0,1.0,2.0,2.0,4.0,0.0,200.0,100.0,66.0,41.1268913731,48.4265924291,44.2865914278,41.6766808617,40.0385784256,50.9456068174,48.7429305815,47.1851870127,50.1637664541,45.1916731444
100.0,10.0,1.0,2.0,2.0,4.0,0.0,200.0,100.0,68.0,38.1684034879,53.1593215085,47.339457918,49.4441603402,45.1513072663,49.6401901591,52.4003510926,46.7196053038,49.8258240865,48.1042480744
100.0,10.0,1.0,2.0,2.0,4.0,0.0,200.0,100.0,70.0,42.3444747594,44.9827837187,52.1375671514,47.1960988482,51.4268726967,51.300578151,51.4880641372,52.6911101775,53.3856816322,51.9530820018
100.0,10.0,1.0,2.0,2.0,4.0,0.0,200.0,100.0,72.0,55.0027539867,52.1923921764,59.2364752949,56.6090480759,54.6699795012,56.2679012512,55.9372757421,53.9075911454,53.8734284789,60.2466329433
100.0,10.0,1.0,2.0,2.0,4.0,0.0,200.0,100.0,74.0,52.8244480583,55.9477502301,63.6170351755,63.6361306786,63.9567933165,58.8415160748,59.5520278536,61.3497259876,64.0015373048,59.7483064603
100.0,10.0,1.0,2.0,2.0,4.0,0.0,200.0,100.0,76.0,59.3741860597,60.9919357433,66.2582974018,61.8964478339,63.4490465824,68.8126847179,68.5317936296,60.6153588178,65.832772487,63.3668296014
100.0,10.0,1.0,2.0,2.0,4.0,0.0,200.0,100.0,78.0,61.7893961837,67.5611752089,68.6384521513,67.7548185774,66.250371505,65.4483072034,69.2333583614,68.088641598,69.1879350875,65.8736886996
100.0,10.0,1.0,2.0,2.0,4.0,0.0,200.0,100.0,80.0,68.7301066529,73.264919844,70.3864322058,70.5502845653,71.2714554732,70.4187879175,69.2878697662,70.1974864998,68.7921802838,69.4765830578
100.0,10.0,3.0,2.0,2.0,4.0,0.0,200.0,100.0,64.0,70.7773545472,89.5615914432,92.1805385722,91.4076486553,90.6396204094,92.0599174017,91.3289473857,92.0802157909,90.979820175,88.977152487
100.0,10.0,3.0,2.0,2.0,4.0,0.0,200.0,100.0,66.0,91.7739438649,94.5471782732,91.1625263924,93.8116414008,93.7914553145,91.3153237466,93.3372289911,93.0396870258,94.5458880216,92.1707827408
100.0,10.0,3.0,2.0,2.0,4.0,0.0,200.0,100.0,68.0,94.3217007549,95.0455356471,93.7659550371,92.7822347942,95.4838671712,94.0701637142,95.0068070203,94.4401301029,93.5763338522,94.456624875
100.0,10.0,3.0,2.0,2.0,4.0,0.0,200.0,100.0,70.0,94.4404271448,94.061170293,95.923636402,96.3442623934,95.5355758686,95.2903983089,96.6721038781,94.4486403352,94.9206630043,94.7150603214
100.0,10.0,3.0,2.0,2.0,4.0,0.0,200.0,100.0,72.0,95.645533797,95.7912719387,95.873440305,95.3693609863,95.5815911803,94.4600547272,96.6179482159,96.73521605,95.1237971761,95.3133361242
100.0,10.0,3.0,2.0,2.0,4.0,0.0,200.0,100.0,74.0,95.3580765358,97.4238446073,95.5540786826,97.5911976308,96.837392544,97.4937762407,97.0329054658,96.4398557002,95.7731671778,96.9435946385
100.0,10.0,3.0,2.0,2.0,4.0,0.0,200.0,100.0,76.0,96.2165802075,96.3616676671,97.57624334,97.4498401651,97.0429712528,97.7079203957,97.5383251487,97.1465685807,96.5563970764,96.9423277647
100.0,10.0,3.0,2.0,2.0,4.0,0.0,200.0,100.0,78.0,96.2429498757,97.2548203436,97.9233934341,97.7906110283,98.1035290654,97.5881386064,97.6545599954,97.6894931228,98.2503544418,98.0697200449
100.0,10.0,3.0,2.0,2.0,4.0,0.0,200.0,100.0,80.0,97.8003005516,97.992322927,98.7429896184,97.7700149965,98.198812003,98.1270943949,98.2187114001,97.316689129,97.7092634308,97.5658349675
100.0,10.0,5.0,2.0,2.0,4.0,0.0,200.0,100.0,64.0,98.445503039,99.4156674966,99.4236226195,99.590247884,99.5231647643,99.5502381154,99.5311016507,99.2518952317,99.7479936512,99.3854902108
100.0,10.0,5.0,2.0,2.0,4.0,0.0,200.0,100.0,66.0,99.6167447468,99.7139204978,99.8062229111,99.8192201959,99.7531515401,99.7023536144,99.8332675089,99.4035912043,99.5020513644,99.7854526791
100.0,10.0,5.0,2.0,2.0,4.0,0.0,200.0,100.0,68.0,99.6506721678,99.8260399396,99.7976743984,99.6186704496,99.5487547378,99.7831645208,99.8008032204,99.7129709795,99.797668334,99.7249157626
100.0,10.0,5.0,2.0,2.0,4.0,0.0,200.0,100.0,70.0,99.3678029145,99.7447354258,99.7229259088,99.6733261271,99.8112722286,99.7429669667,99.8408245143,99.6124150653,99.7392918986,99.869296441
100.0,10.0,5.0,2.0,2.0,4.0,0.0,200.0,100.0,72.0,99.7447186291,99.8560421059,99.8934902278,99.937979804,99.8624859707,99.8157855841,99.7959395722,99.8785476802,99.7682183403,99.7889433214
100.0,10.0,5.0,2.0,2.0,4.0,0.0,200.0,100.0,74.0,99.8731590866,99.8743651031,99.8226139433,99.9135872353,99.9002204319,99.8135011836,99.8808286737,99.9372884076,99.900070468,99.8445929394
100.0,10.0,5.0,2.0,2.0,4.0,0.0,200.0,100.0,76.0,99.8144087589,99.9490489094,99.9475831645,99.9125616513,99.9421608357,99.8578495509,99.9245422348,99.9146635626,99.9021764191,99.9180445386
100.0,10.0,5.0,2.0,2.0,4.0,0.0,200.0,100.0,78.0,99.9148798604,99.9616710901,99.8740048637,99.8804514686,99.8951004834,99.90900946,99.9343354721,99.9334219874,99.9657497245,99.8744585713
100.0,10.0,5.0,2.0,2.0,4.0,0.0,200.0,100.0,80.0,99.9026077221,99.9628331264,99.9634580393,99.910865801,99.9090902589,99.9729346958,99.9400119357,99.9533305054,99.9535703437,99.9424669365
100.0,10.0,1.0,2.0,2.0,5.0,0.0,200.0,100.0,64.0,99.8970665969,46.1290936467,39.9961405072,44.7204509634,37.9106149877,46.0991890129,42.3141182035,46.5320574171,43.0716938827,45.6984774813
100.0,10.0,1.0,2.0,2.0,5.0,0.0,200.0,100.0,66.0,46.1148673922,50.4279660362,47.4624743458,48.3415498164,48.7550800467,47.8204945493,42.4204103891,43.9871721725,52.1356428819,46.6289956864
100.0,10.0,1.0,2.0,2.0,5.0,0.0,200.0,100.0,68.0,50.3562232626,50.8016108434,49.5558550974,50.4980182179,55.3918979812,45.5502744107,46.095970858,50.7893513784,49.3788644192,42.2458360979
100.0,10.0,1.0,2.0,2.0,5.0,0.0,200.0,100.0,70.0,51.1659314396,54.08328334,51.7373223247,50.0939414515,51.1241231546,52.0247722428,52.1704393876,52.1119460831,48.715654846,54.482653746
100.0,10.0,1.0,2.0,2.0,5.0,0.0,200.0,100.0,72.0,55.8560234438,56.1860855696,57.7779215015,57.6363378547,58.7889167004,57.5519369095,60.578705847,61.0344834589,58.0989624396,56.2896962187
100.0,10.0,1.0,2.0,2.0,5.0,0.0,200.0,100.0,74.0,57.9556980893,64.2345102505,58.9737972039,61.5318700011,65.8005288463,60.509791169,59.9046750383,62.2591945292,61.3143982677,60.6923627559
100.0,10.0,1.0,2.0,2.0,5.0,0.0,200.0,100.0,76.0,61.4935996202,69.5674940324,65.9089418783,59.6172924836,69.4990389871,63.1488757852,64.8994198862,66.2262171838,63.8904257788,66.5673024087
100.0,10.0,1.0,2.0,2.0,5.0,0.0,200.0,100.0,78.0,69.1727030954,66.7750821149,71.0334904231,68.3614565356,65.7842275185,74.1520786744,68.4620903292,68.2650234827,69.2721347105,66.6607016115
100.0,10.0,1.0,2.0,2.0,5.0,0.0,200.0,100.0,80.0,71.5576026466,71.747522103,74.3179135903,74.0422247831,73.1362501356,74.5966052134,73.0191703633,69.3836880627,72.676230797,75.6392740859
100.0,10.0,3.0,2.0,2.0,5.0,0.0,200.0,100.0,64.0,72.051767537,89.8019906942,94.4154939514,91.1969848738,91.7241355055,92.8478324575,91.851989134,91.6842518218,92.6316747017,93.5597209351
100.0,10.0,3.0,2.0,2.0,5.0,0.0,200.0,100.0,66.0,90.1399211118,92.729326727,92.943847389,92.9671542954,91.8846943914,92.117187439,93.981311065,93.4541115875,94.2444962378,93.0003178408
100.0,10.0,3.0,2.0,2.0,5.0,0.0,200.0,100.0,68.0,93.1636261949,94.3647906189,94.8735503107,95.2300747355,93.5018430702,93.6746960757,95.2808633288,94.9946240184,94.0982968379,94.1803251191
100.0,10.0,3.0,2.0,2.0,5.0,0.0,200.0,100.0,70.0,93.8700666209,95.5185132684,96.8036064753,96.2703252822,95.7897607921,96.4844150246,94.6456536201,95.3828984977,95.2074844987,95.5275106094
100.0,10.0,3.0,2.0,2.0,5.0,0.0,200.0,100.0,72.0,95.1709071694,97.1405607257,95.7797977332,96.3800868219,96.7561510967,96.6037030651,97.0211705716,96.9330211492,95.8440306307,95.9130305411
100.0,10.0,3.0,2.0,2.0,5.0,0.0,200.0,100.0,74.0,95.3823844969,97.1387905525,97.6412775982,96.4700004453,96.6550214598,94.8066933215,97.5084960186,96.5339142243,97.3026165132,96.6706500698
100.0,10.0,3.0,2.0,2.0,5.0,0.0,200.0,100.0,76.0,97.3181339527,97.5616356241,96.8743968178,97.4253680242,96.7086123627,96.9951308895,97.8229984178,97.1927467486,96.9008023572,97.8612220646
100.0,10.0,3.0,2.0,2.0,5.0,0.0,200.0,100.0,78.0,96.9155713312,97.1841196624,97.4002808112,98.1320519293,98.3592702751,97.8794728159,97.7677305363,97.9886940006,97.7965175667,98.528146382
100.0,10.0,3.0,2.0,2.0,5.0,0.0,200.0,100.0,80.0,97.4053062329,98.0547293974,97.684976563,98.276265098,98.6510021889,97.4962172108,98.7214004512,98.0661211855,98.7200121303,98.5174412377
100.0,10.0,5.0,2.0,2.0,5.0,0.0,200.0,100.0,64.0,97.993148513,99.6711918851,99.7869362431,99.6741657366,99.5945822151,99.681922678,99.6658742657,99.6066353692,99.4815419447,99.5619210616
100.0,10.0,5.0,2.0,2.0,5.0,0.0,200.0,100.0,66.0,99.7630519361,99.7313668519,99.8159822813,99.6300397961,99.800084298,99.8381123928,99.6255324094,99.7960468903,99.731447609,99.7298552987
100.0,10.0,5.0,2.0,2.0,5.0,0.0,200.0,100.0,68.0,99.7412585397,99.5885351949,99.8233139806,99.8657436448,99.5675291517,99.7995142604,99.8213909679,99.7111271652,99.7488239499,99.8457130289
100.0,10.0,5.0,2.0,2.0,5.0,0.0,200.0,100.0,70.0,99.703355689,99.7807169524,99.8986574107,99.796029886,99.844520721,99.8883969041,99.9276273683,99.8581367701,99.8184650959,99.8589200199
100.0,10.0,5.0,2.0,2.0,5.0,0.0,200.0,100.0,72.0,99.7686625931,99.9541358458,99.9069481093,99.796414945,99.8848094752,99.9087672255,99.8394162537,99.8935740778,99.867094102,99.7582878465
100.0,10.0,5.0,2.0,2.0,5.0,0.0,200.0,100.0,74.0,99.8730748064,99.8408404323,99.8907990654,99.8487953632,99.763538365,99.9326496015,99.898052256,99.9453010312,99.888490547,99.898656544
100.0,10.0,5.0,2.0,2.0,5.0,0.0,200.0,100.0,76.0,99.8725168866,99.897017916,99.9551814164,99.9217600211,99.9158253305,99.912934753,99.9016826903,99.9394525641,99.9209221104,99.8705210139
100.0,10.0,5.0,2.0,2.0,5.0,0.0,200.0,100.0,78.0,99.9359433743,99.9611912175,99.9295030543,99.9312244271,99.9176144105,99.9476410237,99.9504168005,99.951653672,99.9513247657,99.9612591707
100.0,10.0,5.0,2.0,2.0,5.0,0.0,200.0,100.0,80.0,99.9630684407,99.9695428516,99.966463226,99.9826328984,99.9145971216,99.9617912525,99.9403365032,99.9649926119,99.9728003924,99.9765740881
100.0,10.0,3.0,2.0,2.0,-2.0,0.0,200.0,100.0,74.0,94.3961692984,94.6788404998,93.4437730661,91.2841776846,93.1021089108,92.6475889307,95.4030164889,93.6348935634,91.5742087922,93.8036159517
100.0,10.0,3.0,2.0,2.0,-2.0,0.0,200.0,100.0,76.0,92.8210455944,95.3725603631,95.6831319434,93.9648379872,93.6751439704,95.7889328751,94.3458400684,94.0108002822,93.3203955306,95.8659948192
100.0,10.0,3.0,2.0,2.0,-2.0,0.0,200.0,100.0,78.0,93.9651631168,95.7635401346,95.8911720317,95.5091186609,95.3211312238,94.1721992394,95.0449150636,95.770347137,97.1636931753,94.9884942678
100.0,10.0,3.0,2.0,2.0,-2.0,0.0,200.0,100.0,80.0,95.7212456695,96.4961755758,95.9641024953,95.4311258692,94.7774000245,96.0369860594,96.8101469454,97.0651916949,95.8873931223,95.8092712032
100.0,10.0,3.0,2.0,2.0,-1.0,0.0,200.0,100.0,74.0,95.6700925251,95.0749961631,93.0326563934,94.6164962072,94.2152660846,95.7086065656,93.893236189,92.2306990487,93.9493481037,95.3472891778
100.0,10.0,3.0,2.0,2.0,-1.0,0.0,200.0,100.0,76.0,93.3795474267,93.9169672254,95.3878779652,94.7047387103,94.72072608,95.743930983,95.5855891297,95.7276442509,95.1702044264,95.8282291764
100.0,10.0,3.0,2.0,2.0,-1.0,0.0,200.0,100.0,78.0,94.8060698262,95.0402634164,95.9692127107,94.9237339323,97.0593812519,94.1871319089,96.0570628247,95.7897174602,94.871788998,95.8269815785
100.0,10.0,3.0,2.0,2.0,-1.0,0.0,200.0,100.0,80.0,96.1556179392,97.3429291052,96.57590148,96.3016392683,96.1477929334,96.4959468215,96.2801950457,96.6693532829,97.5098701772,97.1319564717
100.0,10.0,3.0,2.0,2.0,0.0,0.0,200.0,100.0,74.0,97.0871239783,95.4674766971,96.205996784,96.1229996209,95.766282888,95.2804437106,95.0970018402,95.8857953601,95.8499591335,96.5030232134
100.0,10.0,3.0,2.0,2.0,0.0,0.0,200.0,100.0,76.0,94.6727445673,95.6071131348,95.5280881975,96.176552012,94.7951669274,94.6760825789,95.5952158372,95.4550825302,95.5719957014,94.2248832716
100.0,10.0,3.0,2.0,2.0,0.0,0.0,200.0,100.0,78.0,94.7202559098,96.9509693055,96.0636549792,96.4535590765,96.5233838851,95.3861178998,96.8303615636,97.2221680084,95.6411344648,95.1933902749
100.0,10.0,3.0,2.0,2.0,0.0,0.0,200.0,100.0,80.0,96.5665708841,96.3732708161,96.9761581874,96.9406537207,96.5221470943,96.3121880228,96.83929907,96.3769666072,96.0323177726,96.6293647981
100.0,10.0,3.0,2.0,2.0,1.0,0.0,200.0,100.0,74.0,96.6128395446,94.9296482975,94.3116643857,94.951507947,95.9376447235,94.657381629,94.5579393025,94.8229478261,94.4753692128,95.8528411683
100.0,10.0,3.0,2.0,2.0,1.0,0.0,200.0,100.0,76.0,96.5739771413,95.9844336484,96.7682595562,96.4091743857,96.7159461001,97.0505807231,94.3412703884,94.377993849,95.4559415372,95.6933968143
100.0,10.0,3.0,2.0,2.0,1.0,0.0,200.0,100.0,78.0,95.0379713354,97.5858895526,97.2142588037,96.5343638266,95.6764470035,96.4576795348,96.7570199479,97.1949193029,95.9615048224,97.5979125846
100.0,10.0,3.0,2.0,2.0,1.0,0.0,200.0,100.0,80.0,96.9310220363,97.185071531,97.5639382407,95.9736003612,96.0959032231,96.9665569535,97.7171949885,97.6888059859,97.1426918845,97.6719500357
100.0,10.0,3.0,2.0,2.0,2.0,0.0,200.0,100.0,74.0,96.3727861752,95.7080623543,95.8252307611,95.7370651075,95.1128031157,94.9830943,95.6313918068,96.2968092589,96.3011836815,94.7290529707
100.0,10.0,3.0,2.0,2.0,2.0,0.0,200.0,100.0,76.0,94.7900241289,96.8380758443,96.5775192592,96.2350320358,96.1556910021,96.5244788868,96.4619541719,96.7531763915,94.0636551114,97.0387571893
100.0,10.0,3.0,2.0,2.0,2.0,0.0,200.0,100.0,78.0,96.4423148567,96.9308803209,96.289432249,96.801370388,96.3981232049,97.1827395511,97.1186341996,96.8091739521,96.7361128281,97.1327615597
100.0,10.0,3.0,2.0,2.0,2.0,0.0,200.0,100.0,80.0,95.5550671821,97.603558452,97.7340011149,98.529816731,96.6017601133,97.3456903666,97.7335965735,97.3736872395,97.7057387403,97.5235455421
100.0,10.0,3.0,2.0,2.0,-2.0,0.0,200.0,100.0,74.0,97.0931637129,92.0936254802,94.806389843,92.8888713962,93.1854504305,93.3691500866,94.7363990505,93.9446938714,93.6891258646,92.2137997524
100.0,10.0,3.0,2.0,2.0,-2.0,0.0,200.0,100.0,76.0,94.8356002033,95.5825120964,94.770684442,95.9452489849,95.3033636624,94.8127110868,95.5143343079,95.4512017439,95.8955258831,94.8383841863
100.0,10.0,3.0,2.0,2.0,-2.0,0.0,200.0,100.0,78.0,94.4094167568,93.5854900142,94.7674985888,95.7235919834,96.4367688174,95.1642395775,96.5188494292,95.8157319842,96.4023100604,95.5126256049
100.0,10.0,3.0,2.0,2.0,-2.0,0.0,200.0,100.0,80.0,93.5799910892,96.1144491706,95.6453210284,95.9402233819,95.3487573239,96.72627667,96.4899580166,96.8114894954,95.1964331608,97.4277439624
100.0,10.0,3.0,2.0,2.0,-1.0,0.0,200.0,100.0,74.0,96.3385835362,93.2631962186,95.0157973101,94.3409720697,94.7887966961,93.3774396381,95.0581340834,93.716098521,92.8394634894,93.7552940982
100.0,10.0,3.0,2.0,2.0,-1.0,0.0,200.0,100.0,76.0,93.9768008202,96.2587824105,95.2714543648,95.6517836437,94.2246974562,95.416643935,94.4172377492,95.8521673177,94.9609222833,93.8493146516
100.0,10.0,3.0,2.0,2.0,-1.0,0.0,200.0,100.0,78.0,95.5179799684,96.3062941731,96.2729089163,95.1815093248,96.1630111898,96.6321026057,97.2936263793,96.180702147,95.2201681642,96.2289244766
100.0,10.0,3.0,2.0,2.0,-1.0,0.0,200.0,100.0,80.0,95.6215285887,96.553288731,96.2319163553,97.1207712057,94.9736044154,97.4381725255,97.092158044,96.6593352689,96.7154356102,96.9833891026
100.0,10.0,3.0,2.0,2.0,0.0,0.0,200.0,100.0,74.0,94.2967144677,94.3768623715,94.6466929833,95.9223116491,95.6466751529,94.9644674502,93.536448246,93.2251707081,94.7083421842,94.8300877721
100.0,10.0,3.0,2.0,2.0,0.0,0.0,200.0,100.0,76.0,95.6266332365,96.686053898,96.005875122,96.5803106878,96.4797070835,95.3345108877,96.3978732877,96.6376821842,94.3008642608,95.620015754
100.0,10.0,3.0,2.0,2.0,0.0,0.0,200.0,100.0,78.0,96.0138340797,96.6247607922,95.3376626344,95.6434476412,97.1332484729,95.345595132,97.0365363281,96.3516480066,96.3031392706,95.7298495749
100.0,10.0,3.0,2.0,2.0,0.0,0.0,200.0,100.0,80.0,95.6958649927,97.1786743252,97.2693177801,96.8881092075,96.9616329663,97.6244149449,96.7111858356,96.5204542735,96.1514783064,96.8861041041
100.0,10.0,3.0,2.0,2.0,1.0,0.0,200.0,100.0,74.0,96.1818579013,94.9937540013,95.599629993,94.8042278679,94.9940719024,94.9283232492,95.7273854376,94.2585267308,95.8611395901,95.552819319
100.0,10.0,3.0,2.0,2.0,1.0,0.0,200.0,100.0,76.0,96.1517634424,94.7545637612,94.9777902057,94.7116097507,95.4916715674,95.1332644991,95.0904359891,96.152044364,95.273149188,97.5403482581
100.0,10.0,3.0,2.0,2.0,1.0,0.0,200.0,100.0,78.0,96.0388918296,96.9502027765,95.8075433676,96.6860384725,96.8713703302,96.6169164379,97.2360050297,96.1213522449,96.9642574567,95.6117571232
100.0,10.0,3.0,2.0,2.0,1.0,0.0,200.0,100.0,80.0,97.3437550116,96.1733198145,97.5632557263,97.3102046034,96.3325511332,97.5053450917,97.2147875777,97.1759936112,97.2736172968,97.8161526902
100.0,10.0,3.0,2.0,2.0,2.0,0.0,200.0,100.0,74.0,97.7468826522,96.4165045739,96.3616893359,96.0584299937,95.5603252423,96.0610278209,96.3909777983,95.6481492518,94.882471178,96.4340425502
100.0,10.0,3.0,2.0,2.0,2.0,0.0,200.0,100.0,76.0,96.0369396561,95.9926144655,96.5385050696,96.4178026353,96.5105942574,96.9043324737,96.2749820466,94.6003156146,96.7768283812,96.7242312966
100.0,10.0,3.0,2.0,2.0,2.0,0.0,200.0,100.0,78.0,96.6472190553,97.3876440422,97.7953225108,96.5576545907,96.4200087192,97.0485125045,97.2131732901,96.3435016914,97.8017066889,97.3089886795
100.0,10.0,3.0,2.0,2.0,2.0,0.0,200.0,100.0,80.0,96.5888191095,98.206230514,96.846399069,98.3212368669,97.0573641397,98.3363373844,98.8587134781,97.8031446178,97.5776370561,97.6921436312
100.0,10.0,3.0,2.0,2.0,-2.0,0.0,200.0,100.0,74.0,98.0769144245,91.8972846987,92.9847049789,92.5768262344,95.3830584849,92.4624991885,92.7550930154,93.7580910841,92.8474559966,90.7488971593
100.0,10.0,3.0,2.0,2.0,-2.0,0.0,200.0,100.0,76.0,92.9519536995,94.5540280154,94.3493300361,94.5265563298,93.7230824152,94.9586337813,94.0132256043,96.045254064,94.8992119471,95.5324811316
100.0,10.0,3.0,2.0,2.0,-2.0,0.0,200.0,100.0,78.0,94.5920986974,95.1333199197,95.4156743687,95.4306795271,97.053321371,95.1174678454,94.5830352948,95.5592514733,95.8604323407,94.8194457386
100.0,10.0,3.0,2.0,2.0,-2.0,0.0,200.0,100.0,80.0,95.9864031575,95.8506576492,96.0337312452,95.6390893902,96.5561248272,96.3543458502,95.1467785036,95.946908336,95.4991406502,95.5953133919
100.0,10.0,3.0,2.0,2.0,-1.0,0.0,200.0,100.0,74.0,95.9358922519,91.6889858043,93.9181312349,95.2290832886,92.605680722,95.3264015303,94.6456593044,93.838344349,94.8244608385,94.017989443
100.0,10.0,3.0,2.0,2.0,-1.0,0.0,200.0,100.0,76.0,94.5537722303,95.0343915502,97.3616283759,96.3885131675,94.2472750712,94.7131270996,94.9235673519,94.0905616047,94.4427102998,94.5104657676
100.0,10.0,3.0,2.0,2.0,-1.0,0.0,200.0,100.0,78.0,93.7199025121,94.9756985622,96.3735298586,95.6910771618,94.3201162082,96.9764082279,95.5708016214,96.3469214871,96.8631097291,96.0178583169
100.0,10.0,3.0,2.0,2.0,-1.0,0.0,200.0,100.0,80.0,95.9140614347,96.575788254,97.3993712537,96.2984082184,98.325306701,97.0994330193,96.7717055421,97.2405429831,96.4597843408,94.4123853942
100.0,10.0,3.0,2.0,2.0,0.0,0.0,200.0,100.0,74.0,96.7028752292,94.4263435714,94.3863571931,94.4405329848,94.6847437927,96.1834212638,94.812792257,94.7105075556,95.6197692606,94.0229912659
100.0,10.0,3.0,2.0,2.0,0.0,0.0,200.0,100.0,76.0,95.4646934393,97.4017840026,92.7106101796,97.0635928243,94.9187960065,94.3751264618,94.5004877177,97.0554487502,94.7440324886,96.417275815
100.0,10.0,3.0,2.0,2.0,0.0,0.0,200.0,100.0,78.0,93.486468223,96.8031380536,95.2755942856,96.8534419582,96.5364535075,96.1263006325,96.2187518126,96.6194260809,95.7349764292,96.6665667301
100.0,10.0,3.0,2.0,2.0,0.0,0.0,200.0,100.0,80.0,96.1742447313,97.2060054769,97.0673083151,97.509601037,96.8196374012,97.3854995771,96.4586109581,97.4665018714,96.5296159112,96.996910107
100.0,10.0,3.0,2.0,2.0,1.0,0.0,200.0,100.0,74.0,94.9422956573,96.2977529508,94.5028269136,94.7964624244,95.5446500951,95.3854805392,96.7489312805,95.228637967,95.4590726738,95.8599906043
100.0,10.0,3.0,2.0,2.0,1.0,0.0,200.0,100.0,76.0,97.274311526,95.2929181715,95.8970723791,95.1073023763,96.6905422852,95.4386951972,95.4529096648,97.0870142636,95.3702791446,96.0553902214
100.0,10.0,3.0,2.0,2.0,1.0,0.0,200.0,100.0,78.0,96.3889507493,95.7455141264,96.816081606,96.7360833793,96.4900492823,96.2770211773,97.276793135,96.581818645,95.8306092174,97.4195682932
100.0,10.0,3.0,2.0,2.0,1.0,0.0,200.0,100.0,80.0,96.7864310981,96.753891972,96.6157401085,96.3623380661,96.3610960828,96.1963580419,95.9399395564,97.7566352403,97.0730515299,96.8322216762
100.0,10.0,3.0,2.0,2.0,2.0,0.0,200.0,100.0,74.0,97.1345889812,93.8566013995,96.0026758501,96.8504739853,95.62365229,95.2925060948,97.0116723045,96.2488153065,95.6833838503,96.0823815961
100.0,10.0,3.0,2.0,2.0,2.0,0.0,200.0,100.0,76.0,96.1771173109,96.9425908846,97.1333086552,95.9752616324,96.0356490708,95.3314799449,95.8445565319,96.424116882,97.7579607952,98.0631449743
100.0,10.0,3.0,2.0,2.0,2.0,0.0,200.0,100.0,78.0,96.2320439765,97.7363155609,97.0515566751,97.47562977,97.1453059668,95.7498069674,97.6861350161,97.8407162765,96.6607626791,97.7153420496
100.0,10.0,3.0,2.0,2.0,2.0,0.0,200.0,100.0,80.0,97.3540506273,96.8997982187,97.0729962388,97.4597913266,96.8816881453,97.9291430922,98.1960201329,97.6545543614,97.7328801827,97.0602589722
100.0,5.0,3.0,2.0,2.0,-2.0,0.0,200.0,100.0,74.0,97.4567507652,94.2533068452,94.0965716236,92.2995350316,92.7217477085
100.0,5.0,3.0,2.0,2.0,-2.0,0.0,200.0,100.0,76.0,95.4858484342,93.9268655079,94.9646912951,95.2643588925,94.7036399567
100.0,5.0,3.0,2.0,2.0,-2.0,0.0,200.0,100.0,78.0,94.8714395855,95.7597034751,95.9294656481,94.7965729921,94.8388879197
100.0,5.0,3.0,2.0,2.0,-2.0,0.0,200.0,100.0,80.0,94.5978495124,96.8155566236,96.0617228651,96.0276220955,96.1992376806
100.0,5.0,3.0,2.0,2.0,-1.0,0.0,200.0,100.0,74.0,95.4586578089,92.2123690891,94.6855926325,95.5523454671,94.7667931618
100.0,5.0,3.0,2.0,2.0,-1.0,0.0,200.0,100.0,76.0,91.1509433673,95.6484951183,95.072849502,94.9209313708,94.1520262828
100.0,5.0,3.0,2.0,2.0,-1.0,0.0,200.0,100.0,78.0,93.9383181338,95.6162703487,95.5499702844,96.5948670912,95.7804951669
100.0,5.0,3.0,2.0,2.0,-1.0,0.0,200.0,100.0,80.0,96.2043674501,96.9756570885,95.1838935747,97.1324560889,96.7860540145
100.0,5.0,3.0,2.0,2.0,0.0,0.0,200.0,100.0,74.0,97.331466861,95.2590664354,94.847059494,92.6915150025,96.633020226
100.0,5.0,3.0,2.0,2.0,0.0,0.0,200.0,100.0,76.0,94.5109080005,95.3017674567,95.6720545645,94.5052599872,95.426031264
100.0,5.0,3.0,2.0,2.0,0.0,0.0,200.0,100.0,78.0,95.6706559819,97.64322759,95.7504464725,96.2751638877,96.7348429572
100.0,5.0,3.0,2.0,2.0,0.0,0.0,200.0,100.0,80.0,96.4438140352,97.5780489851,96.8253553127,97.9499382313,97.666094137
100.0,5.0,3.0,2.0,2.0,1.0,0.0,200.0,100.0,74.0,96.9325092363,96.1026154107,94.8591701952,95.6014296781,94.3031119617
100.0,5.0,3.0,2.0,2.0,1.0,0.0,200.0,100.0,76.0,94.633595082,96.1324897043,94.7216703395,94.1828476279,97.438001218
100.0,5.0,3.0,2.0,2.0,1.0,0.0,200.0,100.0,78.0,94.4577964703,97.408411738,96.8721211876,96.7019367646,96.5271327161
100.0,5.0,3.0,2.0,2.0,1.0,0.0,200.0,100.0,80.0,96.8923834723,97.6654476111,96.8032621106,97.5896389652,97.8995163448
100.0,5.0,3.0,2.0,2.0,2.0,0.0,200.0,100.0,74.0,97.0703748909,94.8606231967,95.2082456005,95.9070325169,94.2158877779
100.0,5.0,3.0,2.0,2.0,2.0,0.0,200.0,100.0,76.0,95.3639028955,95.5150260911,94.4658569529,96.7563611795,96.8019512301
100.0,5.0,3.0,2.0,2.0,2.0,0.0,200.0,100.0,78.0,96.3294478785,96.7285487777,97.0459221318,97.4943288782,96.3794613419
100.0,5.0,3.0,2.0,2.0,2.0,0.0,200.0,100.0,80.0,96.1120240595,97.6555273719,97.1651645307,97.4053330873,97.0932645155
100.0,5.0,3.0,2.0,2.0,-2.0,0.0,200.0,100.0,74.0,97.0590648972,91.9034445487,93.8761313788,93.3298696077,94.7111441388
100.0,5.0,3.0,2.0,2.0,-2.0,0.0,200.0,100.0,76.0,94.5084669069,94.6347731163,95.2735030962,94.8139493865,93.7484745809
100.0,5.0,3.0,2.0,2.0,-2.0,0.0,200.0,100.0,78.0,95.6076657321,96.3875434916,97.0546167311,96.1682175884,93.1002074692
100.0,5.0,3.0,2.0,2.0,-2.0,0.0,200.0,100.0,80.0,95.9471515604,95.9893502835,97.5100962523,95.8416540009,94.8930337714
100.0,5.0,3.0,2.0,2.0,-1.0,0.0,200.0,100.0,74.0,95.5045997653,91.8411291957,93.3682795568,94.6273824038,92.9527423601
100.0,5.0,3.0,2.0,2.0,-1.0,0.0,200.0,100.0,76.0,92.3440155624,95.7786663868,94.3796267841,93.8364454027,95.26991334
100.0,5.0,3.0,2.0,2.0,-1.0,0.0,200.0,100.0,78.0,94.9228137159,95.0400470324,94.4511636163,97.3199606879,96.01239546
100.0,5.0,3.0,2.0,2.0,-1.0,0.0,200.0,100.0,80.0,96.464772389,95.8008763874,96.3937576168,96.6963677048,96.557893349
100.0,5.0,3.0,2.0,2.0,0.0,0.0,200.0,100.0,74.0,96.138303308,95.5873140335,94.0005865557,94.4366902175,91.378691648
100.0,5.0,3.0,2.0,2.0,0.0,0.0,200.0,100.0,76.0,95.2713083429,95.965208228,95.8947543014,95.8139615764,93.3579275015
100.0,5.0,3.0,2.0,2.0,0.0,0.0,200.0,100.0,78.0,94.7729046411,95.688651076,95.3434039428,96.0655249519,96.9895884309
100.0,5.0,3.0,2.0,2.0,0.0,0.0,200.0,100.0,80.0,96.333102602,96.7786359273,96.9669469174,97.128161732,96.7053733461
100.0,5.0,3.0,2.0,2.0,1.0,0.0,200.0,100.0,74.0,97.0447858979,94.5664067683,95.2996175459,95.6163675212,96.0690734488
100.0,5.0,3.0,2.0,2.0,1.0,0.0,200.0,100.0,76.0,95.4923875968,95.367738244,93.3539773407,95.6728312952,96.8767605581
100.0,5.0,3.0,2.0,2.0,1.0,0.0,200.0,100.0,78.0,96.4365316249,95.8445768984,96.9635822082,97.6828106604,96.7455326959
100.0,5.0,3.0,2.0,2.0,1.0,0.0,200.0,100.0,80.0,96.7445017761,96.2380719721,97.1616292443,96.5274781795,97.3635054295
100.0,5.0,3.0,2.0,2.0,2.0,0.0,200.0,100.0,74.0,98.5857166156,95.3017622535,96.5641043645,94.826910704,96.4207479714
100.0,5.0,3.0,2.0,2.0,2.0,0.0,200.0,100.0,76.0,94.6024977966,95.8991257657,95.2271758461,95.788840272,96.2069320709
100.0,5.0,3.0,2.0,2.0,2.0,0.0,200.0,100.0,78.0,97.0024929484,97.0045247368,96.4194956597,96.4510499459,97.6041591763
100.0,5.0,3.0,2.0,2.0,2.0,0.0,200.0,100.0,80.0,97.6656265209,97.6219714203,97.5198830764,97.9359447364,97.559897957
100.0,5.0,3.0,2.0,2.0,-2.0,0.0,200.0,100.0,74.0,97.5151652509,92.384189938,95.3509077532,92.9273774516,93.0042368872
100.0,5.0,3.0,2.0,2.0,-2.0,0.0,200.0,100.0,76.0,93.7384832688,96.8367755871,96.0181437948,95.501530212,95.440898272
100.0,5.0,3.0,2.0,2.0,-2.0,0.0,200.0,100.0,78.0,93.8956325615,94.5987402879,95.1874709172,95.3927798252,95.2817110441
100.0,5.0,3.0,2.0,2.0,-2.0,0.0,200.0,100.0,80.0,95.1898125236,96.6242629607,94.2315492925,94.2568309899,96.7976488363
100.0,5.0,3.0,2.0,2.0,-1.0,0.0,200.0,100.0,74.0,96.0684710345,92.6035116304,92.3125799341,94.8008384757,94.6790162129
100.0,5.0,3.0,2.0,2.0,-1.0,0.0,200.0,100.0,76.0,94.5829776138,96.6904320405,94.0607439098,95.8201475074,95.8834392697
100.0,5.0,3.0,2.0,2.0,-1.0,0.0,200.0,100.0,78.0,95.3895572046,95.1795290945,94.5649724134,97.0824278738,96.4074359258
100.0,5.0,3.0,2.0,2.0,-1.0,0.0,200.0,100.0,80.0,95.4086218715,94.9314640173,96.1302278253,96.3041132853,96.1666496898
100.0,5.0,3.0,2.0,2.0,0.0,0.0,200.0,100.0,74.0,95.0032858541,95.8574852809,93.4107679449,96.1261735121,95.0415092221
100.0,5.0,3.0,2.0,2.0,0.0,0.0,200.0,100.0,76.0,94.3837966423,94.2107262098,95.0582416899,96.1308288225,97.1183920517
100.0,5.0,3.0,2.0,2.0,0.0,0.0,200.0,100.0,78.0,95.4113388869,96.2407276515,95.7093094734,96.1266445363,95.1860091173
100.0,5.0,3.0,2.0,2.0,0.0,0.0,200.0,100.0,80.0,95.7645495311,95.5606725918,96.7850355704,97.3773791572,96.9554427392
100.0,5.0,3.0,2.0,2.0,1.0,0.0,200.0,100.0,74.0,97.4051256922,94.9313741586,95.0868575497,94.893494031,94.7148525748
100.0,5.0,3.0,2.0,2.0,1.0,0.0,200.0,100.0,76.0,95.2876549961,95.9099775979,95.854111988,97.2238565712,96.149694323
100.0,5.0,3.0,2.0,2.0,1.0,0.0,200.0,100.0,78.0,96.3917476571,95.971373054,96.4658949886,96.8335537449,97.1115532858
100.0,5.0,3.0,2.0,2.0,1.0,0.0,200.0,100.0,80.0,96.5649914335,97.2509286996,97.2918557178,96.9742748592,97.5020629532
100.0,5.0,3.0,2.0,2.0,2.0,0.0,200.0,100.0,74.0,97.3806012092,94.8862285339,96.5059198462,95.1825267971,97.1573327439
100.0,5.0,3.0,2.0,2.0,2.0,0.0,200.0,100.0,76.0,94.2832061537,97.3653964987,95.8580596864,97.142703997,96.9208718701
100.0,5.0,3.0,2.0,2.0,2.0,0.0,200.0,100.0,78.0,96.1635295914,96.6919617065,97.7293962427,97.8953367137,96.657865016
100.0,5.0,3.0,2.0,2.0,2.0,0.0,200.0,100.0,80.0,96.2217056565,97.1902932182,98.2399665297,97.8429595433,96.9647941648
100.0,5.0,3.0,2.0,2.0,-2.0,0.0,200.0,100.0,74.0,97.3426804393,93.9544692796,93.0299312636,93.6062270965,93.7697921992
100.0,5.0,3.0,2.0,2.0,-2.0,0.0,200.0,100.0,76.0,94.5543645003,95.8556603165,94.3882285399,94.5279802102,94.6673589872
100.0,5.0,3.0,2.0,2.0,-2.0,0.0,200.0,100.0,78.0,93.1779779722,96.7172737382,95.450270467,95.172090239,94.8116257009
100.0,5.0,3.0,2.0,2.0,-2.0,0.0,200.0,100.0,80.0,95.1145232774,96.5494835878,96.5125795199,95.9525987524,96.3490791229
100.0,5.0,3.0,2.0,2.0,-1.0,0.0,200.0,100.0,74.0,96.2927589137,92.6445506047,92.7158087894,93.7226634785,94.1959562303
100.0,5.0,3.0,2.0,2.0,-1.0,0.0,200.0,100.0,76.0,94.2337706468,94.97109599,94.2484341268,96.3630884432,95.1838661027
100.0,5.0,3.0,2.0,2.0,-1.0,0.0,200.0,100.0,78.0,95.1503434678,96.5144581172,95.7775359125,95.9481439042,96.2922929871
100.0,5.0,3.0,2.0,2.0,-1.0,0.0,200.0,100.0,80.0,96.2485462014,94.8588331342,97.2557102242,96.6374485112,94.1049352567
100.0,5.0,3.0,2.0,2.0,0.0,0.0,200.0,100.0,74.0,96.0546219281,94.3021459763,95.4696732397,94.544694677,94.487983706
100.0,5.0,3.0,2.0,2.0,0.0,0.0,200.0,100.0,76.0,95.0831179078,95.6968159272,95.649670542,96.2527496475,95.2646148533
100.0,5.0,3.0,2.0,2.0,0.0,0.0,200.0,100.0,78.0,95.4376307144,96.2937668186,96.7549619722,95.469119751,95.6473195912
100.0,5.0,3.0,2.0,2.0,0.0,0.0,200.0,100.0,80.0,96.6731300568,96.73526894,96.4549993731,97.1652687811,97.3834389744
100.0,5.0,3.0,2.0,2.0,1.0,0.0,200.0,100.0,74.0,97.413802415,95.3022146515,96.8096322824,94.4670393611,93.4603529029
100.0,5.0,3.0,2.0,2.0,1.0,0.0,200.0,100.0,76.0,93.0545757868,95.5636931535,96.0066811051,97.2682629591,95.4880946912
100.0,5.0,3.0,2.0,2.0,1.0,0.0,200.0,100.0,78.0,96.1850161366,96.875771232,97.1101487811,97.1026070702,95.3737820237
100.0,5.0,3.0,2.0,2.0,1.0,0.0,200.0,100.0,80.0,95.4141416482,97.158997593,97.9632608768,97.5794905499,97.2872567107
100.0,5.0,3.0,2.0,2.0,2.0,0.0,200.0,100.0,74.0,97.0794726503,95.3814488258,95.5897010214,95.6336287508,96.0326771062
100.0,5.0,3.0,2.0,2.0,2.0,0.0,200.0,100.0,76.0,96.631951455,96.7342927832,95.9388039436,96.1851060611,97.0675612985
100.0,5.0,3.0,2.0,2.0,2.0,0.0,200.0,100.0,78.0,95.9877154461,95.7364263599,97.1525833162,97.5481751433,96.7770760536
100.0,5.0,3.0,2.0,2.0,2.0,0.0,200.0,100.0,80.0,97.2521042471,97.1210369612,96.4781942763,97.0180641055,96.252439849
