100.0,20.0,8.0,2.0,2.0,-5.0,0.0,1000000000.0,100.0,70.0,99.8843850164,29.3280267976,29.3280267976,29.9503747901,29.9503747901,30.3435313303,30.3435313303,31.633466645,31.633466645,43.0267779383,43.0267779383,24.6174310814,24.6174310814,32.3979346025,32.3979346025,26.7164021148,26.7164021148,35.7364358901,35.7364358901,31.5237031535,31.5237031535,31.8993331371,31.8993331371,26.2406588184,26.2406588184,33.3316288511,33.3316288511,23.0801423757,23.0801423757,32.5362243484,32.5362243484,27.2084880162,27.2084880162,35.9747452777,35.9747452777,30.0276454341,30.0276454341,29.6172057721,29.6172057721,35.877417345
100.0,20.0,8.0,2.0,2.0,-5.0,0.0,1000000000.0,100.0,75.0,35.877417345,39.3426941711,39.3426941711,45.1729222397,45.1729222397,45.9982634353,45.9982634353,42.196993194,42.196993194,43.5229651799,43.5229651799,41.9100418957,41.9100418957,36.1155843264,36.1155843264,39.2462369994,39.2462369994,42.7465590122,42.7465590122,40.6400766311,40.6400766311,41.1591248365,41.1591248365,26.5462725724,26.5462725724,39.3104501152,39.3104501152,35.4467301918,35.4467301918,39.6305381478,39.6305381478,38.4090990571,38.4090990571,33.106897691,33.106897691,43.1227106633,43.1227106633,41.572985747,41.572985747,38.8117311229
100.0,20.0,8.0,2.0,2.0,-5.0,0.0,1000000000.0,100.0,80.0,38.8117311229,61.6190744674,61.6190744674,55.9322779096,55.9322779096,61.4924084797,61.4924084797,59.7871392761,59.7871392761,58.5805024699,58.5805024699,55.3951539201,55.3951539201,54.8590139037,54.8590139037,55.6161415703,55.6161415703,52.4114655556,52.4114655556,55.0026544284,55.0026544284,64.1542289763,64.1542289763,56.2928559707,56.2928559707,57.0922473128,57.0922473128,60.3142541933,60.3142541933,50.4676524721,50.4676524721,56.3880116847,56.3880116847,54.01029347,54.01029347,57.1415108928,57.1415108928,65.3164666607,65.3164666607,57.9702646781
100.0,20.0,10.0,2.0,2.0,-5.0,0.0,1000000000.0,100.0,70.0,57.9702646781,70.7336524166,70.7336524166,69.4203934338,69.4203934338,74.9276792561,74.9276792561,67.7710938659,67.7710938659,75.6362417434,75.6362417434,69.5050165132,69.5050165132,73.0692572142,73.0692572142,65.7575270131,65.7575270131,67.5612248494,67.5612248494,74.745352721,74.745352721,67.8582584201,67.8582584201,75.1959324039,75.1959324039,73.2142859284,73.2142859284,69.5321318164,69.5321318164,69.9746567316,69.9746567316,73.7429064064,73.7429064064,74.2884866618,74.2884866618,75.9318789967,75.9318789967,71.9216948318,71.9216948318,70.692171188
100.0,20.0,10.0,2.0,2.0,-5.0,0.0,1000000000.0,100.0,75.0,70.692171188,77.9756211491,77.9756211491,83.1651598022,83.1651598022,81.4104541521,81.4104541521,81.4824740728,81.4824740728,75.9877707328,75.9877707328,75.3276276248,75.3276276248,82.8478046827,82.8478046827,76.9987368009,76.9987368009,80.3134509073,80.3134509073,75.4819958935,75.4819958935,81.5658662025,81.5658662025,78.1013167649,78.1013167649,79.739061958,79.739061958,79.0021457412,79.0021457412,75.5471972459,75.5471972459,83.6823780462,83.6823780462,83.0700629791,83.0700629791,76.2502328426,76.2502328426,80.4773154855,80.4773154855,78.8270618801
100.0,20.0,10.0,2.0,2.0,-5.0,0.0,1000000000.0,100.0,80.0,78.8270618801,92.998655666,92.998655666,91.4121450435,91.4121450435,86.3888141924,86.3888141924,90.3921295317,90.3921295317,91.2219471226,91.2219471226,90.8076607646,90.8076607646,86.2905134525,86.2905134525,89.7382278449,89.7382278449,93.6161914124,93.6161914124,90.1275996811,90.1275996811,93.8186818942,93.8186818942,92.7994214574,92.7994214574,89.2743688855,89.2743688855,94.7495006219,94.7495006219,90.2432615888,90.2432615888,85.5151427772,85.5151427772,89.7248974704,89.7248974704,91.4719091986,91.4719091986,92.5551109821,92.5551109821,89.7884219207
100.0,20.0,12.0,2.0,2.0,-5.0,0.0,1000000000.0,100.0,70.0,89.7884219207,96.674758018,96.674758018,96.2905236361,96.2905236361,96.7001930962,96.7001930962,92.2516848252,92.2516848252,95.8615761853,95.8615761853,96.7533339322,96.7533339322,93.5546348802,93.5546348802,93.9692534617,93.9692534617,94.4895851365,94.4895851365,92.6530093082,92.6530093082,94.5935334248,94.5935334248,98.8245256793,98.8245256793,93.6988235694,93.6988235694,93.7286938519,93.7286938519,98.1638390805,98.1638390805,94.5033756351,94.5033756351,93.6419587597,93.6419587597,97.5956643501,97.5956643501,96.0584344089,96.0584344089,96.2819500686
100.0,20.0,12.0,2.0,2.0,-5.0,0.0,1000000000.0,100.0,75.0,96.2819500686,96.525456211,96.525456211,97.1868738484,97.1868738484,98.5756703177,98.5756703177,97.5908242618,97.5908242618,98.0098769339,98.0098769339,96.5330483685,96.5330483685,97.9634567992,97.9634567992,99.3373961612,99.3373961612,98.230645062,98.230645062,96.7218745087,96.7218745087,98.445423886,98.445423886,97.1503477484,97.1503477484,98.3967739841,98.3967739841,97.3948355231,97.3948355231,98.3710842642,98.3710842642,98.2508154635,98.2508154635,99.5861931296,99.5861931296,98.2104855599,98.2104855599,97.2871695409,97.2871695409,99.2660987958
100.0,20.0,12.0,2.0,2.0,-5.0,0.0,1000000000.0,100.0,80.0,99.2660987958,99.2192340693,99.2192340693,99.5299765352,99.5299765352,99.7059273424,99.7059273424,99.3863473491,99.3863473491,99.1022287541,99.1022287541,99.3922537305,99.3922537305,99.560889125,99.560889125,99.6712358136,99.6712358136,99.5662673482,99.5662673482,99.8432517124,99.8432517124,99.4392088665,99.4392088665,98.8289451004,98.8289451004,99.5463527628,99.5463527628,99.3759453076,99.3759453076,98.2302915617,98.2302915617,99.5670964969,99.5670964969,99.5511649724,99.5511649724,98.7200819326,98.7200819326,99.3054432081,99.3054432081,99.5606895452
100.0,20.0,8.0,2.0,2.0,-4.0,0.0,1000000000.0,100.0,70.0,99.5606895452,39.3201544107,39.3201544107,30.4384810221,30.4384810221,29.7663048699,29.7663048699,35.4131054747,35.4131054747,32.9933957137,32.9933957137,38.2648022861,38.2648022861,30.0459721113,30.0459721113,35.3460471301,35.3460471301,40.6955737289,40.6955737289,37.0362248374,37.0362248374,34.9100384696,34.9100384696,28.6559876657,28.6559876657,34.3894137264,34.3894137264,30.535147492,30.535147492,33.7358059463,33.7358059463,31.3084127061,31.3084127061,35.7910032584,35.7910032584,31.4844135181,31.4844135181,41.4447974257,41.4447974257,39.6745906291
100.0,20.0,8.0,2.0,2.0,-4.0,0.0,1000000000.0,100.0,75.0,39.6745906291,46.0700241429,46.0700241429,37.8034069617,37.8034069617,51.3711672463,51.3711672463,48.1795515039,48.1795515039,39.4401582941,39.4401582941,43.0901129677,43.0901129677,42.515297009,42.515297009,42.6969151174,42.6969151174,47.5606124941,47.5606124941,43.8321755616,43.8321755616,46.0112317544,46.0112317544,52.2528525137,52.2528525137,37.4645306558,37.4645306558,41.9110583008,41.9110583008,39.1344714373,39.1344714373,43.0321058534,43.0321058534,41.8380131894,41.8380131894,46.1891841304,46.1891841304,42.8609237694,42.8609237694,42.4957052426
100.0,20.0,8.0,2.0,2.0,-4.0,0.0,1000000000.0,100.0,80.0,42.4957052426,58.1511652193,58.1511652193,57.6485482241,57.6485482241,59.0840368138,59.0840368138,59.0414096288,59.0414096288,49.8219451403,49.8219451403,62.3777229489,62.3777229489,63.3874336146,63.3874336146,55.7271087637,55.7271087637,60.4559752424,60.4559752424,64.2018643716,64.2018643716,53.9765198434,53.9765198434,59.8342005728,59.8342005728,59.9463383451,59.9463383451,62.5786107685,62.5786107685,56.3509489481,56.3509489481,61.6258487482,61.6258487482,59.6499558372,59.6499558372,62.6389006003,62.6389006003,52.9719379137,52.9719379137,62.123975914
100.0,20.0,10.0,2.0,2.0,-4.0,0.0,1000000000.0,100.0,70.0,62.123975914,71.2458145292,71.2458145292,71.8732994706,71.8732994706,75.5418046177,75.5418046177,74.0621793358,74.0621793358,73.7597398666,73.7597398666,69.789571239,69.789571239,76.0121366689,76.0121366689,76.3852341548,76.3852341548,74.5708153628,74.5708153628,78.9969586423,78.9969586423,68.01759459,68.01759459,74.6995395451,74.6995395451,69.5830837238,69.5830837238,73.7243566964,73.7243566964,75.3617355912,75.3617355912,72.7802458996,72.7802458996,73.1891424514,73.1891424514,75.2390876811,75.2390876811,70.0673887085,70.0673887085,73.1433051267
100.0,20.0,10.0,2.0,2.0,-4.0,0.0,1000000000.0,100.0,75.0,73.1433051267,82.3983810228,82.3983810228,77.1385304395,77.1385304395,79.5082950617,79.5082950617,79.9079819898,79.9079819898,84.614496945,84.614496945,84.4137689389,84.4137689389,79.0464300226,79.0464300226,81.5291753291,81.5291753291,84.5542964007,84.5542964007,79.7687813226,79.7687813226,88.9511645291,88.9511645291,81.7554471351,81.7554471351,80.1378051858,80.1378051858,81.699615532,81.699615532,80.3577012637,80.3577012637,85.1904351333,85.1904351333,81.6876397503,81.6876397503,81.6760027763,81.6760027763,86.8718867609,86.8718867609,78.9835355745
100.0,20.0,10.0,2.0,2.0,-4.0,0.0,1000000000.0,100.0,80.0,78.9835355745,90.1070437528,90.1070437528,90.3403662762,90.3403662762,92.4182881811,92.4182881811,90.3923376514,90.3923376514,88.0059106466,88.0059106466,92.3338793998,92.3338793998,91.9169580242,91.9169580242,92.8897669759,92.8897669759,91.1290497889,91.1290497889,91.4066089739,91.4066089739,90.4776032814,90.4776032814,91.3822301025,91.3822301025,90.729138995,90.729138995,90.2639792422,90.2639792422,90.5211292945,90.5211292945,89.5313093471,89.5313093471,90.7265227567,90.7265227567,92.7534187936,92.7534187936,85.9877029904,85.9877029904,91.4605597294
100.0,20.0,12.0,2.0,2.0,-4.0,0.0,1000000000.0,100.0,70.0,91.4605597294,95.4689097051,95.4689097051,96.8588440748,96.8588440748,97.453731286,97.453731286,95.6313094488,95.6313094488,96.9520271307,96.9520271307,97.1977095601,97.1977095601,95.7327949022,95.7327949022,95.4381516189,95.4381516189,96.4940598843,96.4940598843,94.9668251392,94.9668251392,94.1605521317,94.1605521317,96.4829505097,96.4829505097,98.1208446469,98.1208446469,96.448885244,96.448885244,94.5620382556,94.5620382556,92.5684642781,92.5684642781,95.4454564679,95.4454564679,97.8192838536,97.8192838536,92.5820060659,92.5820060659,97.2302668663
100.0,20.0,12.0,2.0,2.0,-4.0,0.0,1000000000.0,100.0,75.0,97.2302668663,98.9654733931,98.9654733931,99.2797825795,99.2797825795,98.5667710906,98.5667710906,98.2670560082,98.2670560082,98.781558061,98.781558061,98.1129927232,98.1129927232,98.3799229769,98.3799229769,98.024975003,98.024975003,98.3305145255,98.3305145255,97.4422309062,97.4422309062,98.6838195479,98.6838195479,98.9481963616,98.9481963616,98.8780321669,98.8780321669,99.2523006199,99.2523006199,98.2207789788,98.2207789788,98.882726188,98.882726188,97.7680949975,97.7680949975,98.8058382095,98.8058382095,97.2998260609,97.2998260609,98.8271867719
100.0,20.0,12.0,2.0,2.0,-4.0,0.0,1000000000.0,100.0,80.0,98.8271867719,99.572742015,99.572742015,98.6258658229,98.6258658229,99.7881500252,99.7881500252,99.8816781064,99.8816781064,99.5739405957,99.5739405957,99.9123642525,99.9123642525,98.8940881012,98.8940881012,99.8957388886,99.8957388886,99.6774808582,99.6774808582,99.8528705721,99.8528705721,99.4334237078,99.4334237078,99.8547152535,99.8547152535,99.8019932992,99.8019932992,99.7086650411,99.7086650411,99.7922722897,99.7922722897,99.2029327948,99.2029327948,98.7200750716,98.7200750716,99.8842534231,99.8842534231,99.6767024786,99.6767024786,99.707667924
100.0,20.0,8.0,2.0,2.0,-3.0,0.0,1000000000.0,100.0,70.0,99.707667924,40.2547963855,40.2547963855,42.2705408761,42.2705408761,44.2620260633,44.2620260633,38.1354769149,38.1354769149,41.3421850945,41.3421850945,39.3846682282,39.3846682282,35.16773862,35.16773862,33.6670792223,33.6670792223,33.2847922781,33.2847922781,43.2062399193,43.2062399193,31.3654273386,31.3654273386,41.3219464741,41.3219464741,43.619238199,43.619238199,38.7931545098,38.7931545098,32.2531569923,32.2531569923,29.6787102308,29.6787102308,35.6170147482,35.6170147482,32.8317018144,32.8317018144,28.6073129567,28.6073129567,29.8921030109
100.0,20.0,8.0,2.0,2.0,-3.0,0.0,1000000000.0,100.0,75.0,29.8921030109,47.3211040365,47.3211040365,46.2085029255,46.2085029255,39.0137780589,39.0137780589,51.6566510664,51.6566510664,47.2332317994,47.2332317994,40.1703451911,40.1703451911,46.1430684231,46.1430684231,49.0921878667,49.0921878667,45.4359303446,45.4359303446,50.7604210489,50.7604210489,49.8507750484,49.8507750484,46.9697676692,46.9697676692,53.6904031624,53.6904031624,46.9774022635,46.9774022635,42.5693033773,42.5693033773,37.0686303049,37.0686303049,50.2952240725,50.2952240725,45.0319578249,45.0319578249,60.4257914434,60.4257914434,47.5918265361
100.0,20.0,8.0,2.0,2.0,-3.0,0.0,1000000000.0,100.0,80.0,47.5918265361,55.9841458529,55.9841458529,59.0918385646,59.0918385646,59.2560270033,59.2560270033,68.0028430898,68.0028430898,62.1041157647,62.1041157647,62.2366925577,62.2366925577,59.0886903656,59.0886903656,67.3441466637,67.3441466637,61.4352748412,61.4352748412,57.5855172927,57.5855172927,69.7910080825,69.7910080825,52.259612868,52.259612868,58.5518364123,58.5518364123,61.0398069528,61.0398069528,64.8974196067,64.8974196067,62.4374952699,62.4374952699,64.4656499107,64.4656499107,63.7634796978,63.7634796978,58.2469374018,58.2469374018,61.1432457132
100.0,20.0,10.0,2.0,2.0,-3.0,0.0,1000000000.0,100.0,70.0,61.1432457132,75.8395590325,75.8395590325,70.2394410546,70.2394410546,68.9460503005,68.9460503005,78.6588559179,78.6588559179,68.0307997917,68.0307997917,72.4330689758,72.4330689758,77.4948870013,77.4948870013,71.7053712283,71.7053712283,73.0324882051,73.0324882051,80.4763045945,80.4763045945,73.3780137347,73.3780137347,75.1165383924,75.1165383924,71.1705683201,71.1705683201,74.613430593,74.613430593,79.6560880443,79.6560880443,75.5604442288,75.5604442288,73.5205006658,73.5205006658,75.0306233476,75.0306233476,73.248709999,73.248709999,72.0584056183
100.0,20.0,10.0,2.0,2.0,-3.0,0.0,1000000000.0,100.0,75.0,72.0584056183,81.5163963374,81.5163963374,83.2293733268,83.2293733268,87.0041157783,87.0041157783,86.5429214217,86.5429214217,85.6263706903,85.6263706903,81.7094126694,81.7094126694,82.9516910353,82.9516910353,79.4051146249,79.4051146249,85.5374570141,85.5374570141,88.7082469568,88.7082469568,85.3700401138,85.3700401138,84.6588815226,84.6588815226,81.3945815484,81.3945815484,83.4523773401,83.4523773401,86.3380502169,86.3380502169,84.5725126616,84.5725126616,86.4418692873,86.4418692873,85.2293607489,85.2293607489,86.5471538744,86.5471538744,85.3863342778
100.0,20.0,10.0,2.0,2.0,-3.0,0.0,1000000000.0,100.0,80.0,85.3863342778,94.6555679645,94.6555679645,95.0358146357,95.0358146357,90.593279135,90.593279135,92.4181029646,92.4181029646,89.6443271619,89.6443271619,93.118437142,93.118437142,95.7237616278,95.7237616278,91.4339826511,91.4339826511,86.1981468161,86.1981468161,91.4416174479,91.4416174479,94.8191918509,94.8191918509,95.0645459727,95.0645459727,91.4028480643,91.4028480643,96.3645707222,96.3645707222,91.6097502143,91.6097502143,93.6849252209,93.6849252209,89.6765911326,89.6765911326,91.9944929516,91.9944929516,95.2129179854,95.2129179854,94.0693997669
100.0,20.0,12.0,2.0,2.0,-3.0,0.0,1000000000.0,100.0,70.0,94.0693997669,95.7716340478,95.7716340478,98.2632379184,98.2632379184,97.6553138409,97.6553138409,97.646352991,97.646352991,93.4022853631,93.4022853631,95.1978101928,95.1978101928,96.228300742,96.228300742,96.7221450558,96.7221450558,95.9336634019,95.9336634019,98.1203711799,98.1203711799,95.7926583409,95.7926583409,95.3588486034,95.3588486034,97.7373876506,97.7373876506,97.9698894698,97.9698894698,96.7717097829,96.7717097829,96.113298978,96.113298978,96.1379090621,96.1379090621,95.2082602275,95.2082602275,98.2726916062,98.2726916062,97.6788187645
100.0,20.0,12.0,2.0,2.0,-3.0,0.0,1000000000.0,100.0,75.0,97.6788187645,97.1532616404,97.1532616404,99.5545607382,99.5545607382,97.4523728582,97.4523728582,99.0307426153,99.0307426153,98.1377564774,98.1377564774,98.8698976956,98.8698976956,99.3807505991,99.3807505991,97.5443077849,97.5443077849,99.5306635276,99.5306635276,99.2729978312,99.2729978312,98.4585550951,98.4585550951,98.9059771286,98.9059771286,98.2530063303,98.2530063303,99.4258365554,99.4258365554,96.5274757822,96.5274757822,96.8644091061,96.8644091061,99.0381059241,99.0381059241,98.7944293538,98.7944293538,98.7390291308,98.7390291308,98.7180168824
100.0,20.0,12.0,2.0,2.0,-3.0,0.0,1000000000.0,100.0,80.0,98.7180168824,99.8109744179,99.8109744179,99.7347468713,99.7347468713,99.8790852976,99.8790852976,99.6895751463,99.6895751463,99.5675272402,99.5675272402,99.6012797106,99.6012797106,99.9137149045,99.9137149045,99.9410095027,99.9410095027,99.894684679,99.894684679,99.6616767722,99.6616767722,99.7394131955,99.7394131955,99.5944694124,99.5944694124,99.8419683772,99.8419683772,99.7666453729,99.7666453729,99.8333650209,99.8333650209,99.7181342573,99.7181342573,99.8090089818,99.8090089818,99.9273022136,99.9273022136,98.5436154819,98.5436154819,99.950933403
100.0,20.0,8.0,2.0,2.0,-2.0,0.0,1000000000.0,100.0,70.0,99.950933403,40.7952353095,40.7952353095,40.4020918413,40.4020918413,43.8840754572,43.8840754572,36.4874254363,36.4874254363,35.7450538606,35.7450538606,38.6168807852,38.6168807852,38.6654650771,38.6654650771,37.8679943699,37.8679943699,31.7600365373,31.7600365373,38.628719171,38.628719171,33.6231017625,33.6231017625,43.6421973905,43.6421973905,38.2812168106,38.2812168106,36.5140247788,36.5140247788,39.4848690569,39.4848690569,38.5793779887,38.5793779887,37.8091417823,37.8091417823,40.3780930391,40.3780930391,45.9550631739,45.9550631739,38.4400474458
100.0,20.0,8.0,2.0,2.0,-2.0,0.0,1000000000.0,100.0,75.0,38.4400474458,59.654778059,59.654778059,50.3694600744,50.3694600744,50.1387732077,50.1387732077,47.2153720029,47.2153720029,48.422708237,48.422708237,57.8541578209,57.8541578209,48.7997110555,48.7997110555,51.320973069,51.320973069,55.0673647731,55.0673647731,46.3616053696,46.3616053696,52.209514918,52.209514918,50.2054282453,50.2054282453,41.426114006,41.426114006,46.2833849995,46.2833849995,47.9932709292,47.9932709292,42.9355483031,42.9355483031,50.8150109898,50.8150109898,44.0779433528,44.0779433528,54.3988744756,54.3988744756,44.9409492187
100.0,20.0,8.0,2.0,2.0,-2.0,0.0,1000000000.0,100.0,80.0,44.9409492187,68.8129321911,68.8129321911,68.9844612791,68.9844612791,55.103775258,55.103775258,62.3853013028,62.3853013028,65.6378671625,65.6378671625,64.8452185541,64.8452185541,62.7915741608,62.7915741608,68.5996891569,68.5996891569,60.6955125812,60.6955125812,71.8528098078,71.8528098078,69.5770582695,69.5770582695,70.9123849986,70.9123849986,68.1315733291,68.1315733291,64.5951169451,64.5951169451,63.7861759073,63.7861759073,63.5334395391,63.5334395391,69.561402645,69.561402645,60.2349264438,60.2349264438,65.7262775546,65.7262775546,59.1661727574
100.0,20.0,10.0,2.0,2.0,-2.0,0.0,1000000000.0,100.0,70.0,59.1661727574,78.9884300174,78.9884300174,76.8626037984,76.8626037984,77.2896277134,77.2896277134,79.847968867,79.847968867,76.6535029374,76.6535029374,82.1789761616,82.1789761616,80.4979165142,80.4979165142,81.3215870605,81.3215870605,76.7366106304,76.7366106304,81.9881134578,81.9881134578,77.6097235713,77.6097235713,75.1958138399,75.1958138399,79.132485783,79.132485783,82.5391444801,82.5391444801,77.4468454162,77.4468454162,77.3952827852,77.3952827852,69.3034706652,69.3034706652,73.9306081414,73.9306081414,76.8467519022,76.8467519022,80.0398463305
100.0,20.0,10.0,2.0,2.0,-2.0,0.0,1000000000.0,100.0,75.0,80.0398463305,83.4149818186,83.4149818186,88.7137972162,88.7137972162,86.9533074261,86.9533074261,87.9605432797,87.9605432797,87.0941265546,87.0941265546,81.9105777865,81.9105777865,83.4505140924,83.4505140924,84.8891773667,84.8891773667,84.0938674781,84.0938674781,86.5924608387,86.5924608387,88.7624408166,88.7624408166,86.3235486625,86.3235486625,84.4440487169,84.4440487169,82.8394592656,82.8394592656,85.9661608094,85.9661608094,87.2958040961,87.2958040961,86.3021434209,86.3021434209,85.4277399013,85.4277399013,86.2629269132,86.2629269132,83.3262554015
100.0,20.0,10.0,2.0,2.0,-2.0,0.0,1000000000.0,100.0,80.0,83.3262554015,92.2631170279,92.2631170279,90.4804686558,90.4804686558,93.4975377439,93.4975377439,93.4651517733,93.4651517733,94.6577780073,94.6577780073,98.0455464528,98.0455464528,93.195553395,93.195553395,92.9182294602,92.9182294602,92.1689981265,92.1689981265,94.2583106058,94.2583106058,94.4663479395,94.4663479395,94.888823427,94.888823427,94.4296193759,94.4296193759,96.3260264552,96.3260264552,91.654013425,91.654013425,93.8119923561,93.8119923561,93.5617072705,93.5617072705,91.3864593091,91.3864593091,93.6356822353,93.6356822353,94.2825039123
100.0,20.0,12.0,2.0,2.0,-2.0,0.0,1000000000.0,100.0,70.0,94.2825039123,97.9896892472,97.9896892472,96.9698892629,96.9698892629,97.1036872776,97.1036872776,97.9880088195,97.9880088195,97.5550207622,97.5550207622,96.1308286483,96.1308286483,96.5797590847,96.5797590847,95.592609994,95.592609994,98.0032288319,98.0032288319,96.2634235465,96.2634235465,97.9577982898,97.9577982898,97.9653134694,97.9653134694,95.6818092452,95.6818092452,96.9952450425,96.9952450425,97.6948572356,97.6948572356,97.8208322172,97.8208322172,96.4012131655,96.4012131655,96.6437300576,96.6437300576,96.4549214925,96.4549214925,97.2151885619
100.0,20.0,12.0,2.0,2.0,-2.0,0.0,1000000000.0,100.0,75.0,97.2151885619,99.3268002929,99.3268002929,99.357976447,99.357976447,98.9510532218,98.9510532218,97.8723817246,97.8723817246,99.2763351245,99.2763351245,99.1402949608,99.1402949608,98.7332042604,98.7332042604,98.9879841336,98.9879841336,99.2229882686,99.2229882686,98.0669000628,98.0669000628,98.6895209254,98.6895209254,99.3385092123,99.3385092123,99.4446312155,99.4446312155,99.5247152494,99.5247152494,99.0358231683,99.0358231683,97.8851609429,97.8851609429,99.276933614,99.276933614,98.6266232289,98.6266232289,99.0053448688,99.0053448688,99.2876814346
100.0,20.0,12.0,2.0,2.0,-2.0,0.0,1000000000.0,100.0,80.0,99.2876814346,99.869344312,99.869344312,99.6769590623,99.6769590623,99.6181849911,99.6181849911,99.9289392832,99.9289392832,99.7504142801,99.7504142801,99.9537431433,99.9537431433,99.7920561654,99.7920561654,99.8638642051,99.8638642051,99.6360160442,99.6360160442,99.4591192008,99.4591192008,99.9408512525,99.9408512525,99.9316977502,99.9316977502,99.7995622205,99.7995622205,99.1752063226,99.1752063226,99.7896286729,99.7896286729,99.8238832424,99.8238832424,99.9064659973,99.9064659973,99.3856276084,99.3856276084,99.868438187,99.868438187,99.6675630917
100.0,20.0,8.0,2.0,2.0,-1.0,0.0,1000000000.0,100.0,70.0,99.6675630917,39.8710880441,39.8710880441,42.6218830902,42.6218830902,46.3274938398,46.3274938398,43.1695288494,43.1695288494,34.2092307761,34.2092307761,37.6547757091,37.6547757091,43.0475440853,43.0475440853,39.6062783885,39.6062783885,37.5457457437,37.5457457437,47.6129476269,47.6129476269,40.885394034,40.885394034,37.5152589581,37.5152589581,39.9825385192,39.9825385192,39.9326322523,39.9326322523,42.5026135293,42.5026135293,42.6246469666,42.6246469666,44.2071418372,44.2071418372,43.4065058307,43.4065058307,46.3973808715,46.3973808715,37.3419392172
100.0,20.0,8.0,2.0,2.0,-1.0,0.0,1000000000.0,100.0,75.0,37.3419392172,63.0858925221,63.0858925221,54.7104302367,54.7104302367,50.5170445795,50.5170445795,56.1736252965,56.1736252965,56.2951088981,56.2951088981,46.3732756082,46.3732756082,56.5615572447,56.5615572447,51.7060022535,51.7060022535,47.9148257527,47.9148257527,54.3585263729,54.3585263729,47.5997560197,47.5997560197,55.9311445299,55.9311445299,53.8072808882,53.8072808882,52.7283080125,52.7283080125,52.127808158,52.127808158,49.5776832332,49.5776832332,54.7463160247,54.7463160247,57.0456933411,57.0456933411,37.2174881488,37.2174881488,52.0169228528
100.0,20.0,8.0,2.0,2.0,-1.0,0.0,1000000000.0,100.0,80.0,52.0169228528,67.196918013,67.196918013,61.5790368877,61.5790368877,61.6626019093,61.6626019093,57.5851569868,57.5851569868,63.9055571126,63.9055571126,61.689705057,61.689705057,67.1102442288,67.1102442288,69.5177850131,69.5177850131,72.3578140257,72.3578140257,63.2729769922,63.2729769922,56.2551594205,56.2551594205,66.6663926813,66.6663926813,62.3843351305,62.3843351305,67.2330520735,67.2330520735,67.1043269395,67.1043269395,65.5130671486,65.5130671486,68.6131602417,68.6131602417,62.2394938645,62.2394938645,65.3818606722,65.3818606722,72.1736581422
100.0,20.0,10.0,2.0,2.0,-1.0,0.0,1000000000.0,100.0,70.0,72.1736581422,78.3385458967,78.3385458967,77.6998524704,77.6998524704,80.3817055447,80.3817055447,75.8258054023,75.8258054023,81.1856386644,81.1856386644,74.864700534,74.864700534,84.7084409181,84.7084409181,78.5497014325,78.5497014325,79.2729036613,79.2729036613,81.2171388797,81.2171388797,78.3826568088,78.3826568088,75.3098142058,75.3098142058,77.5050025006,77.5050025006,80.6648538123,80.6648538123,76.9152185018,76.9152185018,79.0889633612,79.0889633612,78.0042464323,78.0042464323,79.9862082038,79.9862082038,81.5386027878,81.5386027878,84.1596560815
100.0,20.0,10.0,2.0,2.0,-1.0,0.0,1000000000.0,100.0,75.0,84.1596560815,90.9093283675,90.9093283675,83.5950322717,83.5950322717,87.6571830916,87.6571830916,88.0122224124,88.0122224124,86.4716613582,86.4716613582,89.1807272686,89.1807272686,90.1408219447,90.1408219447,86.3572302545,86.3572302545,88.270685235,88.270685235,82.5041475135,82.5041475135,88.6879984043,88.6879984043,81.6682871803,81.6682871803,89.5927578538,89.5927578538,89.77614492,89.77614492,86.1088465694,86.1088465694,86.6215718455,86.6215718455,88.970721435,88.970721435,89.2211943948,89.2211943948,85.5715592309,85.5715592309,86.2357818133
100.0,20.0,10.0,2.0,2.0,-1.0,0.0,1000000000.0,100.0,80.0,86.2357818133,95.1030068374,95.1030068374,93.4130753155,93.4130753155,94.4433268669,94.4433268669,94.0381921802,94.0381921802,97.0729757017,97.0729757017,97.4554472532,97.4554472532,92.8963952473,92.8963952473,95.433383883,95.433383883,92.5874007329,92.5874007329,95.9339743795,95.9339743795,93.4789651676,93.4789651676,95.1287827666,95.1287827666,91.680585583,91.680585583,96.1949920521,96.1949920521,96.1760643927,96.1760643927,95.0366800467,95.0366800467,92.988411164,92.988411164,94.6533866346,94.6533866346,96.6563019322,96.6563019322,92.0364341228
100.0,20.0,12.0,2.0,2.0,-1.0,0.0,1000000000.0,100.0,70.0,92.0364341228,96.8281885642,96.8281885642,96.2424918495,96.2424918495,98.624352782,98.624352782,96.4804402855,96.4804402855,98.8532326864,98.8532326864,98.1612739799,98.1612739799,97.066021773,97.066021773,96.9737284286,96.9737284286,98.2107761224,98.2107761224,99.1563890566,99.1563890566,99.1079479509,99.1079479509,97.9738500946,97.9738500946,95.8153903382,95.8153903382,98.7129948826,98.7129948826,97.0784574975,97.0784574975,97.8147480115,97.8147480115,96.4313372362,96.4313372362,98.664234261,98.664234261,97.4796172424,97.4796172424,98.8818301796
100.0,20.0,12.0,2.0,2.0,-1.0,0.0,1000000000.0,100.0,75.0,98.8818301796,99.1901437984,99.1901437984,98.0305204904,98.0305204904,99.3782859684,99.3782859684,99.4995453742,99.4995453742,99.2191649125,99.2191649125,97.8015752316,97.8015752316,99.7237521864,99.7237521864,99.3837282413,99.3837282413,98.8383333109,98.8383333109,99.5693140126,99.5693140126,99.7574639818,99.7574639818,99.3162222841,99.3162222841,98.2494379472,98.2494379472,98.6548828118,98.6548828118,99.8041117588,99.8041117588,99.8605354653,99.8605354653,99.7227893898,99.7227893898,99.2218458772,99.2218458772,99.6196269534,99.6196269534,99.245498751
100.0,20.0,12.0,2.0,2.0,-1.0,0.0,1000000000.0,100.0,80.0,99.245498751,99.8099805406,99.8099805406,99.6519982182,99.6519982182,99.8993925472,99.8993925472,99.4714884341,99.4714884341,99.8704720188,99.8704720188,99.7623634511,99.7623634511,99.8334477842,99.8334477842,99.948070884,99.948070884,99.923665226,99.923665226,99.9290022216,99.9290022216,99.3682835144,99.3682835144,99.1285456676,99.1285456676,99.9014732898,99.9014732898,99.9679211532,99.9679211532,99.7824007968,99.7824007968,99.3893376001,99.3893376001,99.9384713397,99.9384713397,99.8283348989,99.8283348989,99.7904433063,99.7904433063,99.7820675347
100.0,20.0,8.0,2.0,2.0,0.0,0.0,1000000000.0,100.0,70.0,99.7820675347,44.9065676835,44.9065676835,39.8707815153,39.8707815153,46.836238656,46.836238656,40.4504452825,40.4504452825,55.1274938274,55.1274938274,49.0846507342,49.0846507342,50.810554015,50.810554015,36.3720801984,36.3720801984,39.3622086404,39.3622086404,43.6639112022,43.6639112022,42.0507037343,42.0507037343,41.5414744106,41.5414744106,45.106446415,45.106446415,47.6501284113,47.6501284113,44.5997213523,44.5997213523,39.4128813022,39.4128813022,43.1473380831,43.1473380831,42.472733218,42.472733218,46.4348327685,46.4348327685,44.1459075047
100.0,20.0,8.0,2.0,2.0,0.0,0.0,1000000000.0,100.0,75.0,44.1459075047,48.7120917338,48.7120917338,52.659768044,52.659768044,60.3796616165,60.3796616165,57.9476869594,57.9476869594,55.3381593455,55.3381593455,45.0999955052,45.0999955052,54.6747956067,54.6747956067,51.838829269,51.838829269,51.5633788616,51.5633788616,47.2877919191,47.2877919191,53.2162957569,53.2162957569,63.1141486497,63.1141486497,55.5574826694,55.5574826694,53.9046376998,53.9046376998,55.0886646763,55.0886646763,55.0140806819,55.0140806819,50.7160388288,50.7160388288,54.0767448671,54.0767448671,55.2552382261,55.2552382261,45.644379133
100.0,20.0,8.0,2.0,2.0,0.0,0.0,1000000000.0,100.0,80.0,45.644379133,67.5784022258,67.5784022258,68.3414431102,68.3414431102,59.3040987467,59.3040987467,64.3130113778,64.3130113778,69.4926312603,69.4926312603,63.1281790187,63.1281790187,66.8655183737,66.8655183737,71.0914142559,71.0914142559,69.536009545,69.536009545,75.11224741,75.11224741,68.9099803104,68.9099803104,63.3559522361,63.3559522361,78.2381463317,78.2381463317,68.6911009381,68.6911009381,59.949563862,59.949563862,68.4468319875,68.4468319875,65.093334725,65.093334725,69.5528563129,69.5528563129,72.6372122935,72.6372122935,73.5037870331
100.0,20.0,10.0,2.0,2.0,0.0,0.0,1000000000.0,100.0,70.0,73.5037870331,82.8357525452,82.8357525452,84.1220533112,84.1220533112,82.2484619937,82.2484619937,81.1813061908,81.1813061908,82.484472698,82.484472698,79.1817766755,79.1817766755,78.3735360057,78.3735360057,79.3436144752,79.3436144752,78.9365386239,78.9365386239,85.6772114979,85.6772114979,80.504052353,80.504052353,88.9945592314,88.9945592314,79.7619179338,79.7619179338,84.848280714,84.848280714,78.9213251912,78.9213251912,80.4265290726,80.4265290726,82.5072896801,82.5072896801,80.1593683684,80.1593683684,83.3496153868,83.3496153868,80.1215702848
100.0,20.0,10.0,2.0,2.0,0.0,0.0,1000000000.0,100.0,75.0,80.1215702848,92.3378698497,92.3378698497,87.5641045901,87.5641045901,94.3300864023,94.3300864023,91.4759807642,91.4759807642,88.0442655932,88.0442655932,92.7811391302,92.7811391302,92.1140119196,92.1140119196,87.7961218357,87.7961218357,89.533451826,89.533451826,85.0384188491,85.0384188491,86.8226210042,86.8226210042,90.5699549069,90.5699549069,89.9246322299,89.9246322299,88.5604847237,88.5604847237,90.7231262183,90.7231262183,87.3404454143,87.3404454143,88.6939586395,88.6939586395,88.4395221436,88.4395221436,92.1383780588,92.1383780588,86.7684160079
100.0,20.0,10.0,2.0,2.0,0.0,0.0,1000000000.0,100.0,80.0,86.7684160079,94.3139888212,94.3139888212,95.8662833616,95.8662833616,97.4498877962,97.4498877962,96.2327081257,96.2327081257,95.1710899822,95.1710899822,91.1267389804,91.1267389804,96.0883509049,96.0883509049,94.0339180027,94.0339180027,95.8699848253,95.8699848253,92.8729106035,92.8729106035,94.1261327821,94.1261327821,91.7557252709,91.7557252709,92.9019084186,92.9019084186,95.3803534329,95.3803534329,96.9001024287,96.9001024287,97.543501099,97.543501099,94.3036232969,94.3036232969,96.0021153902,96.0021153902,97.6083744123,97.6083744123,96.0313276715
100.0,20.0,12.0,2.0,2.0,0.0,0.0,1000000000.0,100.0,70.0,96.0313276715,97.6226317166,97.6226317166,97.6778699345,97.6778699345,98.4795136431,98.4795136431,99.3114853288,99.3114853288,97.7010793439,97.7010793439,98.7049613537,98.7049613537,98.2428549178,98.2428549178,98.9066212601,98.9066212601,96.8101011454,96.8101011454,97.0839542835,97.0839542835,97.9671117489,97.9671117489,99.280610791,99.280610791,96.8967984589,96.8967984589,98.3521465108,98.3521465108,99.4079414702,99.4079414702,99.3287729007,99.3287729007,99.0887243411,99.0887243411,98.070866857,98.070866857,97.0705586085,97.0705586085,98.7000109004
100.0,20.0,12.0,2.0,2.0,0.0,0.0,1000000000.0,100.0,75.0,98.7000109004,99.8896936797,99.8896936797,99.2213451655,99.2213451655,99.3523061745,99.3523061745,98.3813145324,98.3813145324,99.544180676,99.544180676,99.640808711,99.640808711,98.4506308072,98.4506308072,98.5563805615,98.5563805615,99.5026473963,99.5026473963,99.258733886,99.258733886,99.0251605464,99.0251605464,99.718034803,99.718034803,99.4017928971,99.4017928971,99.7177336842,99.7177336842,99.5956806049,99.5956806049,98.6348593032,98.6348593032,99.2525423824,99.2525423824,98.3728638353,98.3728638353,98.4198035259,98.4198035259,99.569418917
100.0,20.0,12.0,2.0,2.0,0.0,0.0,1000000000.0,100.0,80.0,99.569418917,99.8522145354,99.8522145354,99.8699691905,99.8699691905,99.8441257403,99.8441257403,99.9110072631,99.9110072631,99.8945996795,99.8945996795,99.6566603185,99.6566603185,99.6664934898,99.6664934898,99.9805864761,99.9805864761,99.8533174416,99.8533174416,99.905680105,99.905680105,99.9512526952,99.9512526952,99.6890152972,99.6890152972,99.9216249298,99.9216249298,99.9720060986,99.9720060986,99.9388460248,99.9388460248,99.8206764862,99.8206764862,99.4542720876,99.4542720876,99.8565324332,99.8565324332,99.253867311,99.253867311,99.857109164
100.0,20.0,8.0,2.0,2.0,1.0,0.0,1000000000.0,100.0,70.0,99.857109164,40.0895712617,40.0895712617,43.1339759517,43.1339759517,44.2190044985,44.2190044985,51.8441518544,51.8441518544,43.7231816845,43.7231816845,41.0075938897,41.0075938897,39.705749427,39.705749427,46.8214511641,46.8214511641,45.8378672663,45.8378672663,51.4621919141,51.4621919141,37.6618434872,37.6618434872,47.1498705498,47.1498705498,38.8933430175,38.8933430175,56.0207785316,56.0207785316,33.1992933726,33.1992933726,52.6929071654,52.6929071654,45.4940576281,45.4940576281,46.797966143,46.797966143,42.196334645,42.196334645,51.8348088493
100.0,20.0,8.0,2.0,2.0,1.0,0.0,1000000000.0,100.0,75.0,51.8348088493,58.0135355265,58.0135355265,57.0554028359,57.0554028359,55.9240697617,55.9240697617,54.0242432534,54.0242432534,63.5273987819,63.5273987819,54.0163494085,54.0163494085,54.0015406247,54.0015406247,56.9966162635,56.9966162635,50.1325141975,50.1325141975,53.6390925062,53.6390925062,55.0037945656,55.0037945656,62.060424084,62.060424084,53.9658740564,53.9658740564,52.151538897,52.151538897,54.2423969227,54.2423969227,56.150589295,56.150589295,54.8051380894,54.8051380894,56.8199678488,56.8199678488,59.8017024513,59.8017024513,63.068803946
100.0,20.0,8.0,2.0,2.0,1.0,0.0,1000000000.0,100.0,80.0,63.068803946,71.0263063632,71.0263063632,70.3451154086,70.3451154086,70.9680852538,70.9680852538,70.8634854128,70.8634854128,77.4974262686,77.4974262686,72.7582142054,72.7582142054,73.5386068731,73.5386068731,68.5354795507,68.5354795507,75.6917479089,75.6917479089,74.3837281426,74.3837281426,72.9446623803,72.9446623803,71.2224487733,71.2224487733,73.898506924,73.898506924,71.3676586245,71.3676586245,70.411614243,70.411614243,75.9633678169,75.9633678169,70.2158879685,70.2158879685,69.9828871923,69.9828871923,71.9138877865,71.9138877865,74.7968494166
100.0,20.0,10.0,2.0,2.0,1.0,0.0,1000000000.0,100.0,70.0,74.7968494166,83.3687811826,83.3687811826,84.0614168425,84.0614168425,83.0729000395,83.0729000395,86.495486477,86.495486477,82.9999705039,82.9999705039,82.9717010803,82.9717010803,88.3114979007,88.3114979007,84.9036112311,84.9036112311,88.8555167024,88.8555167024,86.9355364905,86.9355364905,80.4537969449,80.4537969449,84.3236989836,84.3236989836,83.4092534718,83.4092534718,80.0635518981,80.0635518981,84.8535829461,84.8535829461,78.0982434356,78.0982434356,81.868733402,81.868733402,88.9202119699,88.9202119699,84.9461258801,84.9461258801,82.3112606617
100.0,20.0,10.0,2.0,2.0,1.0,0.0,1000000000.0,100.0,75.0,82.3112606617,90.6798397728,90.6798397728,89.0842100763,89.0842100763,92.9607133481,92.9607133481,92.1493980355,92.1493980355,85.4152571039,85.4152571039,89.6497479977,89.6497479977,91.8484205033,91.8484205033,94.2877708963,94.2877708963,87.3506682576,87.3506682576,87.8424354091,87.8424354091,90.7968543558,90.7968543558,95.0193477491,95.0193477491,88.9180860535,88.9180860535,92.7337674894,92.7337674894,89.7822698601,89.7822698601,90.3188323074,90.3188323074,93.353147326,93.353147326,88.7775129701,88.7775129701,91.3468240508,91.3468240508,91.1807496569
100.0,20.0,10.0,2.0,2.0,1.0,0.0,1000000000.0,100.0,80.0,91.1807496569,97.6303824275,97.6303824275,96.8985047418,96.8985047418,97.9870198309,97.9870198309,96.1377363837,96.1377363837,93.9347848292,93.9347848292,96.7481632292,96.7481632292,97.4653666129,97.4653666129,95.3267308692,95.3267308692,97.6879890225,97.6879890225,96.182505433,96.182505433,97.2540569033,97.2540569033,94.1409881503,94.1409881503,95.1144188563,95.1144188563,97.6744108529,97.6744108529,96.0189367701,96.0189367701,96.1731259796,96.1731259796,96.8892616049,96.8892616049,96.0455747943,96.0455747943,95.984021778,95.984021778,95.208474071
100.0,20.0,12.0,2.0,2.0,1.0,0.0,1000000000.0,100.0,70.0,95.208474071,98.570784276,98.570784276,98.8877242647,98.8877242647,97.911907401,97.911907401,98.8182645918,98.8182645918,99.0300726654,99.0300726654,96.8042974633,96.8042974633,99.4539562805,99.4539562805,98.6988075231,98.6988075231,97.9444155948,97.9444155948,98.4362802653,98.4362802653,97.6866514998,97.6866514998,99.5565417394,99.5565417394,98.5981276898,98.5981276898,98.6957275885,98.6957275885,99.0649719394,99.0649719394,99.0930354292,99.0930354292,98.8251971242,98.8251971242,99.2276340218,99.2276340218,98.2162146572,98.2162146572,99.2320740075
100.0,20.0,12.0,2.0,2.0,1.0,0.0,1000000000.0,100.0,75.0,99.2320740075,97.8116001639,97.8116001639,99.4770419782,99.4770419782,99.7207462261,99.7207462261,99.211455183,99.211455183,99.2024070929,99.2024070929,99.725995162,99.725995162,99.6241684642,99.6241684642,99.7685114127,99.7685114127,99.1155653817,99.1155653817,98.6387700106,98.6387700106,98.5812538581,98.5812538581,98.7077698601,98.7077698601,98.5344446799,98.5344446799,99.7354263148,99.7354263148,98.7749934587,98.7749934587,99.8875643313,99.8875643313,99.8226722741,99.8226722741,99.6779182199,99.6779182199,99.0407357729,99.0407357729,99.4015367167
100.0,20.0,12.0,2.0,2.0,1.0,0.0,1000000000.0,100.0,80.0,99.4015367167,99.9191704306,99.9191704306,99.9291450105,99.9291450105,99.5925595566,99.5925595566,99.9366783534,99.9366783534,99.5725279169,99.5725279169,99.9164655718,99.9164655718,99.8264674404,99.8264674404,99.9336032256,99.9336032256,99.9768823133,99.9768823133,99.8882372954,99.8882372954,99.6954595569,99.6954595569,99.8828907605,99.8828907605,99.9474860162,99.9474860162,99.9071036288,99.9071036288,99.969965229,99.969965229,99.6883704957,99.6883704957,99.9474763249,99.9474763249,99.8224541755,99.8224541755,99.9286452597,99.9286452597,99.570502351
100.0,20.0,8.0,2.0,2.0,2.0,0.0,1000000000.0,100.0,70.0,99.570502351,44.1215356253,44.1215356253,50.2812248104,50.2812248104,51.6583859496,51.6583859496,48.9570766316,48.9570766316,42.9374195027,42.9374195027,47.3964638967,47.3964638967,48.2436213479,48.2436213479,45.1959368496,45.1959368496,46.9675784065,46.9675784065,49.5779619997,49.5779619997,45.0829748709,45.0829748709,48.7607958692,48.7607958692,56.9343197191,56.9343197191,45.4936947236,45.4936947236,43.6947988979,43.6947988979,58.4474541869,58.4474541869,42.7601134006,42.7601134006,49.3248838072,49.3248838072,48.3907509153,48.3907509153,57.6089934188
100.0,20.0,8.0,2.0,2.0,2.0,0.0,1000000000.0,100.0,75.0,57.6089934188,61.80942563,61.80942563,59.5728041364,59.5728041364,52.9117147585,52.9117147585,63.0943028785,63.0943028785,56.3685395394,56.3685395394,57.2137423599,57.2137423599,64.0196632981,64.0196632981,54.5627713609,54.5627713609,56.8776728679,56.8776728679,61.1487077443,61.1487077443,48.1875198422,48.1875198422,62.9558108066,62.9558108066,67.4976113803,67.4976113803,63.8075421818,63.8075421818,62.5247267124,62.5247267124,50.7373453884,50.7373453884,59.869009904,59.869009904,56.4563649266,56.4563649266,55.6139366283,55.6139366283,62.4654241928
100.0,20.0,8.0,2.0,2.0,2.0,0.0,1000000000.0,100.0,80.0,62.4654241928,74.7166995825,74.7166995825,70.6252293644,70.6252293644,72.7324511169,72.7324511169,70.9150167998,70.9150167998,75.9304894733,75.9304894733,73.0757389877,73.0757389877,74.7606684402,74.7606684402,78.8632656101,78.8632656101,72.4573379458,72.4573379458,73.1246179368,73.1246179368,76.4373136668,76.4373136668,68.2435814139,68.2435814139,69.7399993569,69.7399993569,73.3639000504,73.3639000504,68.5822733944,68.5822733944,71.1405763493,71.1405763493,73.0504329351,73.0504329351,69.7467017907,69.7467017907,71.3691816205,71.3691816205,79.6412105067
100.0,20.0,10.0,2.0,2.0,2.0,0.0,1000000000.0,100.0,70.0,79.6412105067,82.516881949,82.516881949,86.6577745396,86.6577745396,82.9543265844,82.9543265844,83.1483802808,83.1483802808,83.1710285418,83.1710285418,88.7111976991,88.7111976991,83.3877113636,83.3877113636,89.2786400338,89.2786400338,84.8553605372,84.8553605372,86.4977478556,86.4977478556,85.1357777785,85.1357777785,86.0222791278,86.0222791278,84.7139874264,84.7139874264,87.8720645936,87.8720645936,82.3974596706,82.3974596706,85.0281147406,85.0281147406,82.0677644958,82.0677644958,86.5216342108,86.5216342108,85.3889396656,85.3889396656,80.1977723298
100.0,20.0,10.0,2.0,2.0,2.0,0.0,1000000000.0,100.0,75.0,80.1977723298,90.612004455,90.612004455,90.6570844652,90.6570844652,92.9415659856,92.9415659856,95.5108617834,95.5108617834,90.2075351834,90.2075351834,93.5942203849,93.5942203849,91.6418240791,91.6418240791,93.2700355202,93.2700355202,91.0885691728,91.0885691728,88.5746194033,88.5746194033,90.4680238576,90.4680238576,93.0812012515,93.0812012515,93.5768751664,93.5768751664,91.6382054901,91.6382054901,92.6789909757,92.6789909757,91.4142416209,91.4142416209,92.2971168699,92.2971168699,91.8836414677,91.8836414677,93.4085175515,93.4085175515,92.7177252129
100.0,20.0,10.0,2.0,2.0,2.0,0.0,1000000000.0,100.0,80.0,92.7177252129,96.1955281894,96.1955281894,94.0292046486,94.0292046486,97.1620580866,97.1620580866,95.8564769849,95.8564769849,96.3639308095,96.3639308095,96.6740011175,96.6740011175,98.5803701777,98.5803701777,95.969185742,95.969185742,94.8193617216,94.8193617216,98.0445137413,98.0445137413,96.6068189795,96.6068189795,95.6475935049,95.6475935049,96.7193720417,96.7193720417,94.165376404,94.165376404,97.4853431876,97.4853431876,96.256076274,96.256076274,97.5751265025,97.5751265025,94.7209891974,94.7209891974,96.914010012,96.914010012,93.6074768362
100.0,20.0,12.0,2.0,2.0,2.0,0.0,1000000000.0,100.0,70.0,93.6074768362,98.467253754,98.467253754,98.8379832469,98.8379832469,99.2100061015,99.2100061015,98.9941050905,98.9941050905,99.499769466,99.499769466,98.9559127821,98.9559127821,99.0323297755,99.0323297755,98.1506054561,98.1506054561,99.0708897938,99.0708897938,98.8731527005,98.8731527005,98.5114100908,98.5114100908,97.9820718654,97.9820718654,99.2779143199,99.2779143199,98.9022585795,98.9022585795,99.245120719,99.245120719,99.6189593924,99.6189593924,98.2938275708,98.2938275708,99.502159165,99.502159165,98.3851545979,98.3851545979,96.678797025
100.0,20.0,12.0,2.0,2.0,2.0,0.0,1000000000.0,100.0,75.0,96.678797025,99.8275362704,99.8275362704,99.4055184948,99.4055184948,99.2854519448,99.2854519448,99.8688453982,99.8688453982,99.7041589833,99.7041589833,99.2316533232,99.2316533232,99.7017213474,99.7017213474,99.6851968819,99.6851968819,99.6147671169,99.6147671169,99.3604010168,99.3604010168,98.4824805086,98.4824805086,99.4994685178,99.4994685178,99.6472653101,99.6472653101,99.5083682405,99.5083682405,99.816549202,99.816549202,98.598630235,98.598630235,99.7282465983,99.7282465983,99.7130976904,99.7130976904,99.1901267088,99.1901267088,99.6861856993
100.0,20.0,12.0,2.0,2.0,2.0,0.0,1000000000.0,100.0,80.0,99.6861856993,99.9457364705,99.9457364705,99.6235852782,99.6235852782,99.9742564333,99.9742564333,99.8547365322,99.8547365322,99.9651392742,99.9651392742,99.9357833034,99.9357833034,99.956920815,99.956920815,99.9661884802,99.9661884802,99.9706500254,99.9706500254,99.8794248772,99.8794248772,99.9500291411,99.9500291411,99.7992444132,99.7992444132,99.9478514353,99.9478514353,99.9867679328,99.9867679328,99.9598904449,99.9598904449,99.9748570341,99.9748570341,98.3724991244,98.3724991244,99.9697427029,99.9697427029,99.9518324548,99.9518324548,99.9771091416
100.0,20.0,8.0,2.0,2.0,3.0,0.0,1000000000.0,100.0,70.0,99.9771091416,46.7558141012,46.7558141012,45.4649546543,45.4649546543,50.6670629322,50.6670629322,55.0205298714,55.0205298714,44.1708362285,44.1708362285,46.4263094795,46.4263094795,55.6790209785,55.6790209785,54.5214670669,54.5214670669,53.5216671936,53.5216671936,50.5114367884,50.5114367884,49.9167015322,49.9167015322,54.4471934484,54.4471934484,46.8078159476,46.8078159476,47.8197729258,47.8197729258,39.3150505423,39.3150505423,45.2151392937,45.2151392937,46.5949147471,46.5949147471,49.1660698815,49.1660698815,49.7963163474,49.7963163474,53.6367808857
100.0,20.0,8.0,2.0,2.0,3.0,0.0,1000000000.0,100.0,75.0,53.6367808857,57.0897462554,57.0897462554,62.0901161633,62.0901161633,58.9712016765,58.9712016765,56.713266711,56.713266711,69.4554261209,69.4554261209,56.0839442198,56.0839442198,56.4783063682,56.4783063682,59.5188787972,59.5188787972,60.804493693,60.804493693,60.6782991442,60.6782991442,54.9311836658,54.9311836658,67.3456635325,67.3456635325,66.817359493,66.817359493,62.9936325112,62.9936325112,62.1750966954,62.1750966954,56.3341328874,56.3341328874,60.1889097468,60.1889097468,55.9672616447,55.9672616447,60.9815569083,60.9815569083,64.1440092883
100.0,20.0,8.0,2.0,2.0,3.0,0.0,1000000000.0,100.0,80.0,64.1440092883,76.4428584867,76.4428584867,72.1803486315,72.1803486315,72.6593134355,72.6593134355,81.38475669,81.38475669,75.5686727206,75.5686727206,76.7605206061,76.7605206061,67.8076653088,67.8076653088,73.3026888867,73.3026888867,72.9506658459,72.9506658459,73.7305310211,73.7305310211,72.8047173141,72.8047173141,69.5770140645,69.5770140645,69.8289454741,69.8289454741,80.3942104097,80.3942104097,71.4073116288,71.4073116288,75.5905364997,75.5905364997,72.3436161509,72.3436161509,73.5546071501,73.5546071501,82.1974997532,82.1974997532,75.4658915136
100.0,20.0,10.0,2.0,2.0,3.0,0.0,1000000000.0,100.0,70.0,75.4658915136,89.2222431463,89.2222431463,86.8269393895,86.8269393895,88.0664485359,88.0664485359,85.6677185311,85.6677185311,86.1996511982,86.1996511982,83.4488296564,83.4488296564,83.9111734001,83.9111734001,81.6621596187,81.6621596187,88.9380997029,88.9380997029,87.5199632091,87.5199632091,86.7736191502,86.7736191502,83.0177202907,83.0177202907,87.7523084837,87.7523084837,88.2142437722,88.2142437722,88.9942796957,88.9942796957,87.4228470989,87.4228470989,86.4392757972,86.4392757972,87.1813974813,87.1813974813,83.7810729409,83.7810729409,84.6886976889
100.0,20.0,10.0,2.0,2.0,3.0,0.0,1000000000.0,100.0,75.0,84.6886976889,92.9445887159,92.9445887159,91.4696699981,91.4696699981,94.5385208319,94.5385208319,90.8571835019,90.8571835019,89.968727196,89.968727196,91.5523401413,91.5523401413,93.4881629025,93.4881629025,91.9818304567,91.9818304567,94.2872453387,94.2872453387,94.5178901778,94.5178901778,89.9852053758,89.9852053758,92.7607581625,92.7607581625,95.1200396603,95.1200396603,91.51003416,91.51003416,94.1542647582,94.1542647582,90.9373881915,90.9373881915,94.5973408317,94.5973408317,93.6899656372,93.6899656372,89.3305123787,89.3305123787,89.7429930356
100.0,20.0,10.0,2.0,2.0,3.0,0.0,1000000000.0,100.0,80.0,89.7429930356,98.6483635585,98.6483635585,96.6309525361,96.6309525361,96.9614448276,96.9614448276,96.7841814084,96.7841814084,98.4307464542,98.4307464542,96.1076447837,96.1076447837,97.770203573,97.770203573,97.4840359155,97.4840359155,96.6531180755,96.6531180755,98.0599245425,98.0599245425,98.0789014597,98.0789014597,98.515403381,98.515403381,97.2951638444,97.2951638444,95.1229223642,95.1229223642,98.9407580803,98.9407580803,96.8562213938,96.8562213938,94.3953335113,94.3953335113,97.0446343814,97.0446343814,95.4094389749,95.4094389749,96.5147728346
100.0,20.0,12.0,2.0,2.0,3.0,0.0,1000000000.0,100.0,70.0,96.5147728346,98.9980054707,98.9980054707,99.3403820805,99.3403820805,98.1322237494,98.1322237494,98.8525889146,98.8525889146,99.1637484596,99.1637484596,98.9536451062,98.9536451062,99.381143679,99.381143679,98.8557829878,98.8557829878,99.0427872644,99.0427872644,98.8579836795,98.8579836795,99.0471955238,99.0471955238,99.3935230158,99.3935230158,98.6922082565,98.6922082565,98.8930930345,98.8930930345,99.7394322193,99.7394322193,98.3402198168,98.3402198168,99.1305520842,99.1305520842,99.4743823411,99.4743823411,98.1415710511,98.1415710511,98.5388372876
100.0,20.0,12.0,2.0,2.0,3.0,0.0,1000000000.0,100.0,75.0,98.5388372876,98.979319138,98.979319138,99.7759686651,99.7759686651,99.755577711,99.755577711,99.8702312682,99.8702312682,99.6005064283,99.6005064283,99.8485266387,99.8485266387,99.7015140936,99.7015140936,99.5097951417,99.5097951417,99.8752166737,99.8752166737,99.661649435,99.661649435,99.2597299995,99.2597299995,99.3905390215,99.3905390215,99.6703810542,99.6703810542,99.9051644254,99.9051644254,99.3231621541,99.3231621541,99.7353261723,99.7353261723,99.6343395301,99.6343395301,98.5970546941,98.5970546941,99.884095898,99.884095898,99.8599645805
100.0,20.0,12.0,2.0,2.0,3.0,0.0,1000000000.0,100.0,80.0,99.8599645805,99.9768316351,99.9768316351,99.9906783907,99.9906783907,99.9790638851,99.9790638851,99.858581527,99.858581527,99.9789315612,99.9789315612,99.9810752658,99.9810752658,99.9254079439,99.9254079439,99.9228370538,99.9228370538,99.8638885171,99.8638885171,99.9438382591,99.9438382591,99.9861018575,99.9861018575,99.9692793115,99.9692793115,99.9770500981,99.9770500981,99.980647601,99.980647601,99.9177094403,99.9177094403,99.9798136215,99.9798136215,99.7675731347,99.7675731347,99.9556045407,99.9556045407,99.7763547215,99.7763547215,99.918120951
100.0,20.0,8.0,2.0,2.0,4.0,0.0,1000000000.0,100.0,70.0,99.918120951,63.8701845432,63.8701845432,54.8228312099,54.8228312099,58.4221664985,58.4221664985,46.8247958019,46.8247958019,50.7909855326,50.7909855326,57.0942894738,57.0942894738,64.246792696,64.246792696,50.9881978964,50.9881978964,51.9054214047,51.9054214047,54.2793641224,54.2793641224,55.9326473179,55.9326473179,47.2660235538,47.2660235538,54.8306524949,54.8306524949,52.1978414028,52.1978414028,52.5947606394,52.5947606394,55.3475474915,55.3475474915,54.5576969726,54.5576969726,53.5898239569,53.5898239569,49.6172479077,49.6172479077,58.2422532297
100.0,20.0,8.0,2.0,2.0,4.0,0.0,1000000000.0,100.0,75.0,58.2422532297,66.7851750525,66.7851750525,70.1788998897,70.1788998897,64.7019751786,64.7019751786,69.2312437041,69.2312437041,63.2528832892,63.2528832892,67.1035390394,67.1035390394,69.0884797417,69.0884797417,57.9666056164,57.9666056164,63.5178931827,63.5178931827,64.7084658184,64.7084658184,66.5094007724,66.5094007724,67.3416162629,67.3416162629,70.3686014802,70.3686014802,58.9105627623,58.9105627623,63.1241008053,63.1241008053,55.2242987527,55.2242987527,66.8097640653,66.8097640653,66.2053219409,66.2053219409,59.8560603347,59.8560603347,59.5063937534
100.0,20.0,8.0,2.0,2.0,4.0,0.0,1000000000.0,100.0,80.0,59.5063937534,73.0957034746,73.0957034746,71.2688961294,71.2688961294,71.5235170375,71.5235170375,77.1891070914,77.1891070914,75.4531663498,75.4531663498,81.7697398174,81.7697398174,79.8680315595,79.8680315595,80.6427150576,80.6427150576,77.6976155341,77.6976155341,79.2374691002,79.2374691002,80.2165857772,80.2165857772,75.2529067638,75.2529067638,70.5490031506,70.5490031506,71.4003882429,71.4003882429,80.836408371,80.836408371,75.9872300433,75.9872300433,73.4220732745,73.4220732745,76.7429560937,76.7429560937,83.0154196894,83.0154196894,79.7574990716
100.0,20.0,10.0,2.0,2.0,4.0,0.0,1000000000.0,100.0,70.0,79.7574990716,90.1101134627,90.1101134627,92.3251479384,92.3251479384,90.5285604736,90.5285604736,89.9687387383,89.9687387383,91.9126383054,91.9126383054,89.1249829607,89.1249829607,84.4935396879,84.4935396879,86.5301774627,86.5301774627,88.9477139998,88.9477139998,86.8441550487,86.8441550487,84.1590519503,84.1590519503,87.5442616132,87.5442616132,89.4740248959,89.4740248959,87.3650891006,87.3650891006,87.9783367753,87.9783367753,85.6775512056,85.6775512056,85.6634872647,85.6634872647,93.2741724833,93.2741724833,87.9674428245,87.9674428245,84.5220375339
100.0,20.0,10.0,2.0,2.0,4.0,0.0,1000000000.0,100.0,75.0,84.5220375339,97.3047073082,97.3047073082,92.8070871607,92.8070871607,96.6006798298,96.6006798298,92.5553989175,92.5553989175,91.1826940212,91.1826940212,90.0920474822,90.0920474822,90.1558352236,90.1558352236,93.6089062821,93.6089062821,94.0994149912,94.0994149912,95.5209816274,95.5209816274,92.2082374697,92.2082374697,91.9078870533,91.9078870533,92.2386222009,92.2386222009,96.5168662067,96.5168662067,92.0465311955,92.0465311955,92.3448059725,92.3448059725,92.701296998,92.701296998,94.4636729267,94.4636729267,94.9426906203,94.9426906203,91.0859125042
100.0,20.0,10.0,2.0,2.0,4.0,0.0,1000000000.0,100.0,80.0,91.0859125042,97.3214544349,97.3214544349,97.2231710824,97.2231710824,96.9575352086,96.9575352086,95.5029303657,95.5029303657,96.475424225,96.475424225,97.2164275146,97.2164275146,98.3306463411,98.3306463411,94.6747350683,94.6747350683,95.8410847185,95.8410847185,98.0793681122,98.0793681122,96.5879138534,96.5879138534,97.0481734192,97.0481734192,96.8258483487,96.8258483487,97.4657191702,97.4657191702,97.686024667,97.686024667,98.8450031155,98.8450031155,98.5764864273,98.5764864273,98.571603012,98.571603012,98.5414576472,98.5414576472,96.6295996847
100.0,20.0,12.0,2.0,2.0,4.0,0.0,1000000000.0,100.0,70.0,96.6295996847,99.5872722861,99.5872722861,98.9279705616,98.9279705616,98.1296979754,98.1296979754,99.6220950906,99.6220950906,97.8482078723,97.8482078723,98.8999981531,98.8999981531,98.8348410972,98.8348410972,99.5919733874,99.5919733874,98.7073363866,98.7073363866,99.2600794502,99.2600794502,99.5898631332,99.5898631332,99.5313299358,99.5313299358,99.6961770233,99.6961770233,99.0553380378,99.0553380378,99.5662790665,99.5662790665,99.3409360825,99.3409360825,99.4983907031,99.4983907031,99.2630304764,99.2630304764,99.8613223794,99.8613223794,99.5601710365
100.0,20.0,12.0,2.0,2.0,4.0,0.0,1000000000.0,100.0,75.0,99.5601710365,99.1803308395,99.1803308395,99.8559525708,99.8559525708,99.860133837,99.860133837,99.8241738392,99.8241738392,99.504683627,99.504683627,99.8042470822,99.8042470822,99.1515631968,99.1515631968,98.472671755,98.472671755,99.7431443674,99.7431443674,99.7783295506,99.7783295506,99.5791013125,99.5791013125,99.7715278105,99.7715278105,99.7708247441,99.7708247441,99.7489578681,99.7489578681,99.8230750879,99.8230750879,99.8850819926,99.8850819926,99.1778309813,99.1778309813,99.2570190322,99.2570190322,99.8167843593,99.8167843593,99.6910064587
100.0,20.0,12.0,2.0,2.0,4.0,0.0,1000000000.0,100.0,80.0,99.6910064587,99.9430680195,99.9430680195,99.981031244,99.981031244,99.7990164338,99.7990164338,99.9369272153,99.9369272153,99.9881203015,99.9881203015,99.9669888419,99.9669888419,99.7358024577,99.7358024577,99.915576689,99.915576689,99.9929225376,99.9929225376,99.9504899348,99.9504899348,99.9675230674,99.9675230674,99.9767424406,99.9767424406,99.9304141993,99.9304141993,99.9371841865,99.9371841865,99.8710965825,99.8710965825,99.9934122105,99.9934122105,99.9909855358,99.9909855358,99.9460289818,99.9460289818,99.9712479035,99.9712479035,99.9959697074
100.0,20.0,8.0,2.0,2.0,5.0,0.0,1000000000.0,100.0,70.0,99.9959697074,56.5436837319,56.5436837319,53.634634842,53.634634842,63.7045522434,63.7045522434,54.0259996331,54.0259996331,55.8733789384,55.8733789384,49.5963748586,49.5963748586,50.1583927311,50.1583927311,61.9387746636,61.9387746636,51.0309204772,51.0309204772,62.6843766112,62.6843766112,49.8012000366,49.8012000366,50.5447876943,50.5447876943,50.5177101796,50.5177101796,55.2017447328,55.2017447328,55.0349262964,55.0349262964,46.2377227094,46.2377227094,53.3621074395,53.3621074395,51.847481799,51.847481799,59.9588443909,59.9588443909,57.8873427271
100.0,20.0,8.0,2.0,2.0,5.0,0.0,1000000000.0,100.0,75.0,57.8873427271,64.9598340947,64.9598340947,67.3258558731,67.3258558731,64.8889389917,64.8889389917,63.4358184468,63.4358184468,66.3509424759,66.3509424759,65.8446606939,65.8446606939,66.9077165012,66.9077165012,63.4343246271,63.4343246271,71.149537772,71.149537772,69.6391210265,69.6391210265,65.0940079408,65.0940079408,56.8826856472,56.8826856472,69.2728323192,69.2728323192,68.7616352749,68.7616352749,63.3873386515,63.3873386515,61.3580504826,61.3580504826,60.252377469,60.252377469,63.721324458,63.721324458,70.4442540201,70.4442540201,74.3258750447
100.0,20.0,8.0,2.0,2.0,5.0,0.0,1000000000.0,100.0,80.0,74.3258750447,73.2275996904,73.2275996904,76.4628995968,76.4628995968,80.6138512575,80.6138512575,76.8546022425,76.8546022425,75.5119087256,75.5119087256,80.5460207844,80.5460207844,76.9474505913,76.9474505913,77.6361748574,77.6361748574,74.999187134,74.999187134,80.579612958,80.579612958,80.5723532767,80.5723532767,75.1360789253,75.1360789253,79.876159875,79.876159875,85.6476111469,85.6476111469,77.9255163088,77.9255163088,77.5895644347,77.5895644347,80.3955196012,80.3955196012,81.8604064973,81.8604064973,77.9806425098,77.9806425098,74.215115129
100.0,20.0,10.0,2.0,2.0,5.0,0.0,1000000000.0,100.0,70.0,74.215115129,86.0523234343,86.0523234343,96.3211454556,96.3211454556,88.8783042201,88.8783042201,92.2844815009,92.2844815009,90.3153727279,90.3153727279,89.2386520872,89.2386520872,85.6140214829,85.6140214829,88.618509698,88.618509698,91.9692961847,91.9692961847,90.7984183573,90.7984183573,84.5042882409,84.5042882409,88.0522014147,88.0522014147,87.3573174856,87.3573174856,86.866880568,86.866880568,86.4320236246,86.4320236246,93.9433712058,93.9433712058,87.8728502733,87.8728502733,93.8160657183,93.8160657183,90.159613198,90.159613198,93.4165910938
100.0,20.0,10.0,2.0,2.0,5.0,0.0,1000000000.0,100.0,75.0,93.4165910938,94.4503797891,94.4503797891,91.6016857186,91.6016857186,95.9606586545,95.9606586545,95.7748043145,95.7748043145,95.5507131862,95.5507131862,97.2495593524,97.2495593524,96.4911711782,96.4911711782,95.98464712,95.98464712,95.6766730165,95.6766730165,92.1505228223,92.1505228223,94.0264841498,94.0264841498,94.6179437593,94.6179437593,95.1122093862,95.1122093862,93.48772343,93.48772343,93.4988847409,93.4988847409,91.9660858699,91.9660858699,95.6381367276,95.6381367276,93.2268289891,93.2268289891,93.763638348,93.763638348,92.8684816364
100.0,20.0,10.0,2.0,2.0,5.0,0.0,1000000000.0,100.0,80.0,92.8684816364,98.3102979238,98.3102979238,99.536118279,99.536118279,99.1446695121,99.1446695121,98.5635409043,98.5635409043,97.667819408,97.667819408,97.399784863,97.399784863,98.5929377618,98.5929377618,98.8541453645,98.8541453645,96.1247371293,96.1247371293,98.3158826186,98.3158826186,97.6847610023,97.6847610023,98.7437673814,98.7437673814,99.2682622738,99.2682622738,96.9190118249,96.9190118249,98.4379579787,98.4379579787,98.8870282577,98.8870282577,95.6766690388,95.6766690388,98.4383750715,98.4383750715,97.3623857767,97.3623857767,95.7071174669
100.0,20.0,12.0,2.0,2.0,5.0,0.0,1000000000.0,100.0,70.0,95.7071174669,98.7552854256,98.7552854256,99.8914216684,99.8914216684,98.1567519042,98.1567519042,99.2155124599,99.2155124599,98.720982836,98.720982836,99.1874577464,99.1874577464,99.6547571408,99.6547571408,99.0772486256,99.0772486256,99.2147690979,99.2147690979,98.8052630603,98.8052630603,99.5791628847,99.5791628847,99.4962770408,99.4962770408,99.6643124538,99.6643124538,98.7050152611,98.7050152611,99.3160857331,99.3160857331,99.333188993,99.333188993,98.9700333338,98.9700333338,98.5047696342,98.5047696342,99.4468391047,99.4468391047,99.6444965853
100.0,20.0,12.0,2.0,2.0,5.0,0.0,1000000000.0,100.0,75.0,99.6444965853,99.6670169272,99.6670169272,99.7795851761,99.7795851761,99.7978157009,99.7978157009,99.9184855857,99.9184855857,99.5525963272,99.5525963272,99.8862206401,99.8862206401,99.4000294467,99.4000294467,99.8964849589,99.8964849589,99.8112329807,99.8112329807,99.82454438,99.82454438,99.8207922686,99.8207922686,99.9056981353,99.9056981353,99.8679214513,99.8679214513,99.7101036778,99.7101036778,99.9413445513,99.9413445513,99.7536263914,99.7536263914,99.7405738821,99.7405738821,99.6684857952,99.6684857952,99.5404443976,99.5404443976,99.905687226
100.0,20.0,12.0,2.0,2.0,5.0,0.0,1000000000.0,100.0,80.0,99.905687226,99.9877258459,99.9877258459,99.9790615566,99.9790615566,99.98023783,99.98023783,99.9822869692,99.9822869692,99.8723639857,99.8723639857,99.8976997988,99.8976997988,99.9855213658,99.9855213658,99.8359407404,99.8359407404,99.96510311,99.96510311,99.9921047402,99.9921047402,99.9919716539,99.9919716539,99.9353267031,99.9353267031,99.9600190214,99.9600190214,99.955488287,99.955488287,99.9911239172,99.9911239172,99.971265093,99.971265093,99.9417913775,99.9417913775,99.9686610734,99.9686610734,99.9315137363,99.9315137363,99.9457577027
