n,k,alpha/beta,alpha/beta SD,d,d_shift,d_sd,n0,max_d,dose_of_interest,TCPs,TCPs,TCPs,TCPs,TCPs,TCPs,TCPs,TCPs,TCPs,TCPs,TCPs,TCPs,TCPs,TCPs,TCPs,TCPs,TCPs,TCPs,TCPs,TCPs,TCP_mean,TCP_sd
100.0,20.0,2.0,2.0,2.0,-3.0,0.0,1000000000.0,100.0,36.0,0.0,0.0,0.0,0.0,0.0,0.0,0.0,0.0,0.0,0.0,0.0,0.0,0.0,0.0,0.0,0.0,0.0,0.0,0.0,0.0
100.0,20.0,2.0,2.0,2.0,-3.0,0.0,1000000000.0,100.0,38.0,0.0,0.0,0.0,0.0,0.0,0.0,0.0,0.0,0.0,0.0,0.0,0.0,0.0,0.0,0.0,0.0,0.0,0.0,0.0,0.0
100.0,20.0,2.0,2.0,2.0,-3.0,0.0,1000000000.0,100.0,40.0,0.0,0.0,0.0,0.0,0.0,0.0,0.0,0.0,0.0,0.0,0.0,0.0,0.0,0.0,0.0,0.0,0.0,0.0,0.0,0.0
100.0,20.0,2.0,2.0,2.0,-3.0,0.0,1000000000.0,100.0,42.0,0.0,0.0,0.0,0.0,0.0,0.0,0.0,0.0,0.0,0.0,0.0,0.0,0.0,0.0,0.0,0.0,0.0,0.0,0.0,0.0
100.0,20.0,2.0,2.0,2.0,-3.0,0.0,1000000000.0,100.0,44.0,0.0,0.0,0.0,0.0,0.0,0.0,0.0,0.0,0.0,0.0,0.0,0.0,0.0,0.0,0.0,0.0,0.0,0.0,0.0,0.0
100.0,20.0,4.0,2.0,2.0,-3.0,0.0,1000000000.0,100.0,36.0,0.0,0.0,0.0,0.0,0.0,0.0,0.0,0.0,0.0,0.0,0.0,0.0,0.0,0.0,0.0,0.0,0.0,3.66613904094e-181,0.0,0.0
100.0,20.0,4.0,2.0,2.0,-3.0,0.0,1000000000.0,100.0,38.0,0.0,0.0,0.0,0.0,0.0,0.0,0.0,0.0,0.0,0.0,0.0,0.0,0.0,0.0,0.0,0.0,0.0,0.0,0.0,0.0
100.0,20.0,4.0,2.0,2.0,-3.0,0.0,1000000000.0,100.0,40.0,0.0,0.0,0.0,0.0,0.0,0.0,0.0,0.0,2.18383628042e-249,0.0,0.0,0.0,0.0,0.0,0.0,4.00731704685e-319,4.21294019047e-270,0.0,0.0,0.0
100.0,20.0,4.0,2.0,2.0,-3.0,0.0,1000000000.0,100.0,42.0,0.0,0.0,0.0,0.0,2.72256924707e-150,0.0,0.0,3.97198202608e-91,5.72284516311e-54,0.0,4.26719479226e-253,0.0,0.0,0.0,4.00810324959e-50,0.0,0.0,0.0,0.0,0.0
100.0,20.0,4.0,2.0,2.0,-3.0,0.0,1000000000.0,100.0,44.0,1.48297940973e-103,0.0,1.87538944856e-92,0.0,0.0,5.43436650982e-150,4.61075871808e-132,3.59972828086e-184,0.0,1.23149245681e-188,1.35953445301e-132,4.09758893901e-145,0.0,0.0,0.0,0.0,1.19076853556e-145,1.71374893621e-256,3.76340352853e-15,0.0
100.0,20.0,6.0,2.0,2.0,-3.0,0.0,1000000000.0,100.0,36.0,0.0,0.0,0.0,2.9811737347e-98,3.67928312299e-136,0.0,0.0,1.53392150328e-228,0.0,0.0,0.0,0.0,0.0,3.15982643037e-113,5.30097469505e-169,0.0,1.04821810857e-312,0.0,0.0,0.0
100.0,20.0,6.0,2.0,2.0,-3.0,0.0,1000000000.0,100.0,38.0,1.82276609828e-207,0.0,5.70340593313e-152,2.56457336721e-78,0.0,0.0,0.0,0.0,0.0,1.8137963338e-226,0.0,1.52188274725e-109,0.0,0.0,0.0,1.65118495392e-108,0.0,1.13685494063e-101,0.0,0.0
100.0,20.0,6.0,2.0,2.0,-3.0,0.0,1000000000.0,100.0,40.0,1.42109012489e-18,1.8205530059e-215,4.32143645341e-273,4.41177553035e-254,4.21024147619e-217,1.94411389915e-185,1.67654674782e-31,2.00855230494e-48,2.86932811019e-38,0.0,4.33010359539e-112,1.3699297552e-223,1.29082370087e-05,2.48529108296e-72,2.73506908352e-44,1.81785264616e-33,0.0,1.03859152324e-268,8.51789454134e-76,3.96136906588e-81
100.0,20.0,6.0,2.0,2.0,-3.0,0.0,1000000000.0,100.0,42.0,1.5930947275e-114,2.2648942502e-145,6.53563036566e-23,7.75942384883e-239,2.49805761581e-29,0.0,2.37615982028e-59,7.99166023873e-96,1.30709490933e-102,2.23049324874e-161,1.02703966061e-83,4.19357746771e-68,5.15627322819e-56,1.78364062394e-193,4.46305163505e-41,4.717383058e-46,1.28369935237e-85,9.81255503943e-23,3.15771341223e-41,3.85875326381e-126
100.0,20.0,6.0,2.0,2.0,-3.0,0.0,1000000000.0,100.0,44.0,6.77219719272e-22,0.0125654099828,3.88679990039e-49,2.1395615354e-45,5.28021092014e-07,5.65775534712e-188,5.66093032116e-38,1.19846783899e-17,4.74620601195e-07,6.16048930884e-30,1.07803914037e-22,2.2876769717e-09,6.11286488349e-63,0.000424311332475,1.20977616312e-53,1.18967875748e-46,1.26381809196e-13,3.15278555592e-127,2.65796711661e-82,1.57287889954e-66
100.0,20.0,8.0,2.0,2.0,-3.0,0.0,1000000000.0,100.0,36.0,1.91103921308e-141,3.38527187369e-78,1.12517368796e-60,9.48609618006e-72,4.54019495634e-186,1.98004540225e-89,3.30662811446e-32,4.64842968737e-27,3.46184472965e-07,3.28908721644e-112,0.000512177528759,1.02810849906e-74,8.99063832419e-58,5.63179219515e-77,2.22823822853e-103,3.18689762902e-44,4.2840168644e-121,5.04267615789e-79,1.5922183646e-17,0.0
100.0,20.0,8.0,2.0,2.0,-3.0,0.0,1000000000.0,100.0,38.0,1.80593444526e-43,7.27923979436e-26,3.96781802299e-82,7.22160791229e-06,5.38798404017e-14,1.24523038097e-18,4.50783634484e-131,1.97155234884e-29,1.46540809464e-27,1.80664815096e-27,5.24255948778e-107,2.07612058877e-52,2.27757350655e-10,1.45257095644e-68,9.20667271451e-16,1.47561815159e-22,2.09392099263e-79,1.01353408904e-59,1.06116260198e-90,0.000231434019788
100.0,20.0,8.0,2.0,2.0,-3.0,0.0,1000000000.0,100.0,40.0,1.35567120082e-39,2.00370985739e-19,8.26927210526e-47,3.16262242186e-23,1.62959133288e-05,2.51247472569e-53,7.53853911738e-12,3.26250945604e-08,9.89616276891e-37,1.76707749197e-22,7.97661139946e-16,2.34777346391e-77,2.26586597541e-07,5.47472914097e-24,1.68483837646e-31,0.00094042467219,8.44501795066e-17,1.18654574606e-07,1.85868758869e-09,0.000309805901482
100.0,20.0,8.0,2.0,2.0,-3.0,0.0,1000000000.0,100.0,42.0,1.94508082762e-11,7.22036536088e-07,0.00163258750661,0.00574194369093,7.88280951262e-12,4.71042253188e-10,0.000394135722927,0.000101044864676,1.64198268377e-05,0.000373714125893,0.000680013618108,0.2154655409,0.173534805882,1.51102013095e-08,0.0205309596995,1.08311296869e-14,3.65375866456e-09,4.68754515192e-06,2.74634773625e-07,0.00617097267811
100.0,20.0,8.0,2.0,2.0,-3.0,0.0,1000000000.0,100.0,44.0,1.54588999014e-29,0.333641371871,0.147726819674,0.0907228661771,0.0298104720488,0.000695965451911,9.15895357511e-07,3.08771380893e-05,0.00269519550504,8.29158904226e-10,0.00297911622538,0.0429771748327,0.246439663163,0.316516322139,0.0646697023781,9.48948713731e-11,0.0221604148604,0.000259379128428,0.44301216813,0.000906493166102
100.0,20.0,10.0,2.0,2.0,-3.0,0.0,1000000000.0,100.0,36.0,4.69575524268e-06,0.000132311857748,1.56432403218e-21,4.15455778272e-31,0.00939391623416,1.32418320243e-10,2.13699288032e-08,3.29302947025e-07,2.03149898638e-17,5.41195850132e-21,3.52172294081e-18,0.00907641053964,0.0613627851926,1.01875191963e-05,3.23160933083e-08,3.70684777306e-10,0.0487174914275,0.000414164328684,1.66989862596e-07,4.6207842661e-17
100.0,20.0,10.0,2.0,2.0,-3.0,0.0,1000000000.0,100.0,38.0,4.68296173982e-05,4.86343184821e-05,0.0926420952943,0.0209140140755,0.017562914729,1.74450984591e-07,0.0168177297278,8.30187071749e-22,0.0329922023913,1.38179276746e-08,0.000370520414726,0.00637284287645,3.03653503043e-05,8.41769309591e-10,0.256097419547,0.151783350338,4.59454707335e-06,0.00618884077329,0.000181441044931,2.95567127505e-10
100.0,20.0,10.0,2.0,2.0,-3.0,0.0,1000000000.0,100.0,40.0,0.000725824101293,0.495390495402,0.0706500277552,0.472089859714,0.000483801054878,0.00216011105007,0.125482631415,0.000655458775181,0.0491947510918,0.610459239432,0.00247814128702,0.0773585218799,0.608883773149,0.0352679613233,0.456785381299,0.00774652793227,0.0101502565988,0.262062007826,1.09915827186,0.0220707685839
100.0,20.0,10.0,2.0,2.0,-3.0,0.0,1000000000.0,100.0,42.0,0.616378936599,0.10822453471,0.778264316401,0.625896214122,0.203434844527,0.53941307678,0.614058202608,0.559786287938,0.276755701311,0.417070073024,0.511418789642,1.16328475963,0.267739185193,0.228370577684,0.184838505463,0.0659708687207,0.975838057246,0.149126137415,0.0392099813319,0.611163902466
100.0,20.0,10.0,2.0,2.0,-3.0,0.0,1000000000.0,100.0,44.0,1.05099035889,2.22731298536,0.930242425872,1.75174658337,1.26207725308,2.75319844469,1.75196041486,1.35840471183,2.10140383201,2.68761492921,0.306304105426,2.24474800244,0.818510684582,2.09217240772,1.26749359529,1.00592682325,0.164047117222,1.86692262907,1.20863630663,1.16179301014
100.0,20.0,2.0,2.0,2.0,-2.0,0.0,1000000000.0,100.0,36.0,0.0,0.0,0.0,0.0,0.0,0.0,0.0,0.0,0.0,0.0,0.0,0.0,0.0,0.0,0.0,0.0,0.0,0.0,0.0,0.0
100.0,20.0,2.0,2.0,2.0,-2.0,0.0,1000000000.0,100.0,38.0,0.0,0.0,0.0,0.0,0.0,0.0,0.0,0.0,0.0,0.0,0.0,0.0,0.0,0.0,0.0,0.0,0.0,0.0,0.0,0.0
100.0,20.0,2.0,2.0,2.0,-2.0,0.0,1000000000.0,100.0,40.0,0.0,0.0,0.0,0.0,0.0,0.0,0.0,0.0,0.0,0.0,0.0,0.0,0.0,0.0,0.0,0.0,0.0,0.0,0.0,0.0
100.0,20.0,2.0,2.0,2.0,-2.0,0.0,1000000000.0,100.0,42.0,0.0,0.0,0.0,0.0,0.0,0.0,0.0,0.0,0.0,0.0,0.0,0.0,0.0,0.0,0.0,0.0,0.0,0.0,0.0,0.0
100.0,20.0,2.0,2.0,2.0,-2.0,0.0,1000000000.0,100.0,44.0,0.0,0.0,0.0,0.0,0.0,0.0,0.0,0.0,0.0,0.0,0.0,0.0,0.0,0.0,0.0,0.0,0.0,0.0,0.0,0.0
100.0,20.0,4.0,2.0,2.0,-2.0,0.0,1000000000.0,100.0,36.0,0.0,0.0,0.0,0.0,0.0,0.0,0.0,0.0,0.0,0.0,0.0,0.0,0.0,0.0,0.0,0.0,0.0,0.0,3.82948525544e-184,0.0
100.0,20.0,4.0,2.0,2.0,-2.0,0.0,1000000000.0,100.0,38.0,0.0,0.0,0.0,2.80657415823e-301,0.0,0.0,0.0,0.0,0.0,0.0,0.0,0.0,0.0,0.0,0.0,0.0,0.0,0.0,0.0,0.0
100.0,20.0,4.0,2.0,2.0,-2.0,0.0,1000000000.0,100.0,40.0,0.0,0.0,0.0,0.0,0.0,5.77399844824e-236,0.0,0.0,0.0,0.0,0.0,0.0,0.0,0.0,0.0,0.0,0.0,0.0,0.0,0.0
100.0,20.0,4.0,2.0,2.0,-2.0,0.0,1000000000.0,100.0,42.0,0.0,0.0,0.0,3.00641835926e-233,2.00848734072e-100,0.0,0.0,0.0,0.0,3.43552105311e-296,0.0,3.10689840409e-274,4.15665899424e-118,0.0,0.0,0.0,0.0,0.0,0.0,0.0
100.0,20.0,4.0,2.0,2.0,-2.0,0.0,1000000000.0,100.0,44.0,7.57098199064e-163,2.91430943844e-69,0.0,0.0,1.41832839411e-92,2.25338993887e-244,5.51536284115e-228,7.47277916154e-242,0.0,0.0,0.0,1.27490179269e-279,5.59366868319e-33,3.7449971951e-76,0.0,2.17337886714e-316,0.0,6.75621156675e-114,0.0,0.0
100.0,20.0,6.0,2.0,2.0,-2.0,0.0,1000000000.0,100.0,36.0,0.0,0.0,1.55910044743e-44,0.0,1.10621779052e-177,2.28194263033e-278,0.0,0.0,0.0,1.07994805401e-234,0.0,0.0,4.72896059685e-258,0.0,2.09737625846e-208,3.38491449184e-144,0.0,0.0,0.0,5.84912025939e-163
100.0,20.0,6.0,2.0,2.0,-2.0,0.0,1000000000.0,100.0,38.0,2.33455597978e-85,5.05900663007e-143,0.0,8.13738751789e-158,1.89633946845e-88,5.61478549874e-135,0.0,0.0,2.56944284985e-79,0.0,0.0,0.0,1.50964160291e-274,1.24493029912e-205,5.20200752892e-210,0.0,4.47718136213e-45,9.17404725126e-51,1.61760569546e-73,0.0
100.0,20.0,6.0,2.0,2.0,-2.0,0.0,1000000000.0,100.0,40.0,1.77057590962e-96,4.42361337343e-41,4.59082292072e-16,1.7259502068e-57,2.26995463455e-27,3.10040524832e-89,1.13743338703e-108,7.48305306688e-234,7.07292244731e-41,1.64807251364e-304,2.59095052478e-20,2.77058560525e-201,2.77985571361e-46,0.0,0.0,2.10770976228e-113,1.39004288051e-202,8.86098614131e-43,3.92570341125e-49,0.0
100.0,20.0,6.0,2.0,2.0,-2.0,0.0,1000000000.0,100.0,42.0,0.00389271298463,1.08834007698e-12,9.52549790563e-26,4.30222277868e-176,4.43196999237e-30,6.10401086401e-19,1.2063125663e-72,7.69598174606e-29,6.95852019379e-17,5.66255210968e-23,1.17720848636e-36,6.12934794003e-88,4.53273349253e-15,1.36403160924e-08,6.25226524225e-08,1.23523697759e-30,1.91965994951e-120,0.000665174884952,1.14722645828e-15,2.12184211713e-71
100.0,20.0,6.0,2.0,2.0,-2.0,0.0,1000000000.0,100.0,44.0,1.85325986948e-32,3.26912201304e-88,1.86888845744e-12,8.4076208182e-33,8.65261804141e-12,1.36708094913e-30,7.35427167523e-19,4.21578312285e-69,1.46843076592e-11,0.000262288607939,8.16507014246e-47,1.6045603475e-59,5.43092085318e-32,6.01083416955e-06,1.91633128899e-07,1.52780713123e-27,1.15292140511e-35,1.93690879928e-20,1.90810232945e-08,6.27109105896e-166
100.0,20.0,8.0,2.0,2.0,-2.0,0.0,1000000000.0,100.0,36.0,1.5161449656e-31,2.14763796226e-135,5.09046885587e-55,5.07456018097e-82,4.65532791998e-177,1.53431825108e-133,3.21667914571e-214,2.88765712815e-187,3.06559701671e-14,7.41378344401e-139,2.15396889722e-25,6.04303661037e-55,3.75134120626e-37,8.11094613915e-06,4.05575561035e-65,0.0,6.86382166319e-76,6.99674300569e-36,1.48092725652e-242,1.37245116831e-63
100.0,20.0,8.0,2.0,2.0,-2.0,0.0,1000000000.0,100.0,38.0,2.24352923769e-13,8.60043738227e-16,5.33413888597e-80,2.42624049056e-15,4.51298486341e-18,3.85368414943e-158,2.20907921148e-72,1.3286135191e-20,1.02982427466e-21,4.4194770932e-33,1.00193947e-08,0.0007952702712,4.29937315788e-60,1.40353563777e-31,5.10909215195e-23,4.12408781568e-36,5.21873085302e-08,2.4386943605e-11,1.6633883072e-28,7.9130862197e-37
100.0,20.0,8.0,2.0,2.0,-2.0,0.0,1000000000.0,100.0,40.0,0.393421849275,1.07419449081e-12,1.44950739569e-24,2.30050009608e-09,3.53442055482e-19,4.1270708262e-14,1.50257694335e-09,1.95750855142e-07,0.000385439559528,0.000236782765283,3.29537185909e-05,0.164487667479,8.53181054121e-07,0.0136563613204,6.45470591779e-06,1.20892235756e-15,1.74118619441e-46,7.2966921302e-39,0.00600244888965,1.10532532867e-34
100.0,20.0,8.0,2.0,2.0,-2.0,0.0,1000000000.0,100.0,42.0,5.17226665547e-07,0.00506123291319,9.433664664e-06,0.121136156253,0.538924276898,1.25602460827e-06,0.0627461575825,0.00337098763469,0.0216094265876,0.0065164153238,0.00189079897324,0.00184997319554,6.57974100313e-07,0.00290740047967,5.55782927199e-07,0.00787119682618,1.69146492178e-08,0.00346004322591,3.52801022127e-10,2.64875273941e-06
100.0,20.0,8.0,2.0,2.0,-2.0,0.0,1000000000.0,100.0,44.0,0.00219241951786,0.0306759898569,0.399580869736,0.040922032354,0.0699104716083,0.0494976549937,0.0025470173507,7.57551858543e-07,0.734426063011,0.417135193103,0.00104424377778,0.522743182299,0.000666140449812,0.0205878970315,0.255085670956,0.108330468179,0.108387306383,0.000270912875056,0.0492749349481,0.099887481778
100.0,20.0,10.0,2.0,2.0,-2.0,0.0,1000000000.0,100.0,36.0,0.00762612216065,0.00117162089216,0.000146266384927,6.77802565411e-22,0.000128784164646,3.07849649787e-11,4.13587268577e-09,7.12879784823e-13,1.50923228617e-39,0.2278630628,6.04018395668e-42,0.000108146573724,2.51972728737e-14,5.87450035062e-05,2.0513352053e-08,3.9599191553e-19,1.48582605148e-07,4.98317635715e-11,3.76870459114e-11,8.25177577498e-16
100.0,20.0,10.0,2.0,2.0,-2.0,0.0,1000000000.0,100.0,38.0,3.03541916801e-08,0.0241822013403,0.00873249421204,1.59591181907e-07,0.00132997528363,0.00196083307079,0.00904131411754,2.88912566136e-09,0.0292297594239,0.0324842259183,0.0411468946456,0.0976358686938,3.74264712999e-05,0.0132607665232,0.000197098039946,0.00642477031676,2.47882083926e-07,0.0485030829074,0.000937249278449,0.697865002676
100.0,20.0,10.0,2.0,2.0,-2.0,0.0,1000000000.0,100.0,40.0,0.0296740723773,3.7055195167e-08,1.03088921144,1.3292288022,0.248122911837,7.89388706154e-05,0.0352154552342,1.09658744036e-05,0.47665662219,0.703286336459,1.16313291978,0.0609366036412,0.449438174407,0.149420621745,0.228522531029,0.00713945498587,0.367281299441,0.658543767579,0.110300746476,0.0216408630637
100.0,20.0,10.0,2.0,2.0,-2.0,0.0,1000000000.0,100.0,42.0,0.829315192512,2.15084990234,0.511629313496,0.381917146022,0.700369068334,0.972686095695,0.0228681766229,0.956723140468,0.382935997435,1.35741232764,1.19328352211,1.10273251923,1.06652337068,0.0295524596278,1.64983578056,1.58376280463,1.70087813347,0.155842984974,0.760687133451,1.40459873609
100.0,20.0,10.0,2.0,2.0,-2.0,0.0,1000000000.0,100.0,44.0,2.76497178174,1.18753922444,2.23003332713,1.84551938328,1.41568916056,2.41752948402,1.95820116976,1.10389320379,2.21029032439,1.00686071943,1.78043083197,2.88346883777,1.99717310888,5.20504471981,1.62174536186,0.236436520225,3.07754353005,1.98231446233,1.68196973078,2.28254911705
100.0,20.0,2.0,2.0,2.0,-1.0,0.0,1000000000.0,100.0,36.0,0.0,0.0,0.0,0.0,0.0,0.0,0.0,0.0,0.0,0.0,0.0,0.0,0.0,0.0,0.0,0.0,0.0,0.0,0.0,0.0
100.0,20.0,2.0,2.0,2.0,-1.0,0.0,1000000000.0,100.0,38.0,0.0,0.0,0.0,0.0,0.0,0.0,0.0,0.0,0.0,0.0,0.0,0.0,0.0,0.0,0.0,0.0,0.0,0.0,0.0,0.0
100.0,20.0,2.0,2.0,2.0,-1.0,0.0,1000000000.0,100.0,40.0,0.0,0.0,0.0,0.0,0.0,0.0,0.0,0.0,0.0,0.0,0.0,0.0,0.0,0.0,0.0,0.0,0.0,0.0,0.0,0.0
100.0,20.0,2.0,2.0,2.0,-1.0,0.0,1000000000.0,100.0,42.0,0.0,0.0,0.0,0.0,0.0,0.0,0.0,0.0,0.0,0.0,0.0,0.0,0.0,0.0,0.0,0.0,0.0,0.0,0.0,0.0
100.0,20.0,2.0,2.0,2.0,-1.0,0.0,1000000000.0,100.0,44.0,0.0,0.0,2.43743909061e-227,0.0,0.0,0.0,0.0,0.0,0.0,0.0,0.0,0.0,0.0,0.0,0.0,0.0,0.0,0.0,0.0,0.0
100.0,20.0,4.0,2.0,2.0,-1.0,0.0,1000000000.0,100.0,36.0,0.0,0.0,0.0,0.0,0.0,0.0,0.0,0.0,0.0,0.0,0.0,0.0,0.0,0.0,0.0,0.0,0.0,0.0,0.0,0.0
100.0,20.0,4.0,2.0,2.0,-1.0,0.0,1000000000.0,100.0,38.0,0.0,0.0,0.0,0.0,0.0,0.0,0.0,0.0,0.0,0.0,0.0,0.0,0.0,0.0,0.0,0.0,0.0,0.0,0.0,0.0
100.0,20.0,4.0,2.0,2.0,-1.0,0.0,1000000000.0,100.0,40.0,0.0,0.0,0.0,0.0,0.0,0.0,6.30084143819e-157,0.0,0.0,0.0,0.0,0.0,1.91819554741e-299,0.0,0.0,0.0,0.0,0.0,0.0,0.0
100.0,20.0,4.0,2.0,2.0,-1.0,0.0,1000000000.0,100.0,42.0,5.75287869492e-248,0.0,0.0,0.0,0.0,0.0,0.0,0.0,0.0,4.94065645841e-324,1.12749619827e-249,0.0,0.0,6.54337749465e-158,0.0,5.69799749256e-61,0.0,4.04159448145e-316,0.0,0.0
100.0,20.0,4.0,2.0,2.0,-1.0,0.0,1000000000.0,100.0,44.0,1.72104793234e-51,0.0,0.0,0.0,0.0,0.0,0.0,0.0,2.52236570317e-246,5.91409052055e-10,6.62023769636e-144,0.0,0.0,0.0,6.72840324498e-184,6.10374517566e-69,6.73800598081e-53,0.0,0.0,0.0
100.0,20.0,6.0,2.0,2.0,-1.0,0.0,1000000000.0,100.0,36.0,0.0,0.0,0.0,1.17179748813e-79,0.0,1.469793857e-143,0.0,0.0,6.83400096037e-172,3.12940848963e-27,0.0,6.22847613891e-144,0.0,5.16802033821e-205,1.34117897538e-209,0.0,9.81989829567e-64,0.0,0.0,0.0
100.0,20.0,6.0,2.0,2.0,-1.0,0.0,1000000000.0,100.0,38.0,7.6977557463e-35,3.18445307832e-117,2.40258685074e-271,0.0,0.0,5.13707095814e-142,1.23777291442e-23,0.0,9.58546099645e-235,1.28602808635e-219,2.61677309034e-139,0.0,2.98854827223e-175,5.10935635725e-162,3.13957459858e-275,5.65266488585e-138,0.0,0.0,6.74235882341e-42,9.66688197702e-249
100.0,20.0,6.0,2.0,2.0,-1.0,0.0,1000000000.0,100.0,40.0,1.01058411777e-104,0.0,1.07769862924e-136,2.68098799364e-185,1.33533848559e-227,3.68111742777e-275,1.05830068191e-15,9.90316636566e-204,3.35238715777e-124,1.16623169641e-114,1.86130218332e-135,2.86649209529e-33,2.65002164911e-262,4.49924514758e-64,2.29608414474e-110,6.54930128471e-112,1.32707711357e-162,0.0,1.00614972456e-92,6.85076916007e-210
100.0,20.0,6.0,2.0,2.0,-1.0,0.0,1000000000.0,100.0,42.0,7.54837540854e-246,5.09200504158e-22,0.00269416697197,3.28377839862e-97,0.0,6.68754142429e-108,1.87442420846e-17,2.77161764908e-115,2.82186120756e-104,2.92522358379e-37,6.65389827793e-17,2.30405467243e-36,1.09673264024e-50,1.71636585432e-40,1.58390580113e-41,0.00169021067768,1.1256969629e-110,9.73586964353e-27,1.87059925024e-21,1.15759642293e-205
100.0,20.0,6.0,2.0,2.0,-1.0,0.0,1000000000.0,100.0,44.0,5.19066344275e-06,0.0248984345416,2.57798998383e-37,1.98511816383e-09,3.80807404173e-41,9.86102551319e-161,1.75993214867e-37,2.22626206523e-18,3.15340245534e-64,2.31801589603e-34,9.10524356826e-17,1.58257371879e-27,1.77551131611e-36,6.69966145877e-06,9.02239198492e-10,3.66302527367e-77,3.48459234916e-06,3.09037822023e-87,1.87805287883e-39,1.87203926605e-10
100.0,20.0,8.0,2.0,2.0,-1.0,0.0,1000000000.0,100.0,36.0,2.06431777914e-117,1.50764496464e-90,3.61083365423e-65,7.20125186915e-128,4.30243596881e-43,2.79512661728e-50,3.6429564362e-14,1.07909470845e-18,5.25541724787e-25,2.16921136807e-79,9.09834748151e-08,1.53264838878e-62,2.84413919124e-145,4.21434713194e-50,2.00734824724e-67,6.39463263367e-79,5.96072519102e-172,1.10809595561e-123,3.36899566652e-208,4.74134305977e-84
100.0,20.0,8.0,2.0,2.0,-1.0,0.0,1000000000.0,100.0,38.0,6.90952031797e-05,1.62304686963e-17,2.43164550859e-06,1.21077799011e-49,2.85227566666e-49,1.26884814773e-05,3.46336201105e-09,1.30672615757e-34,0.000202383006903,3.00357961078e-25,1.65853641034e-61,9.90790124645e-09,3.76277976907e-31,2.0720804933e-09,1.03774015267e-13,1.5689449943e-41,3.77172383584e-30,1.25522548579e-11,1.65096526225e-09,2.55700328299e-34
100.0,20.0,8.0,2.0,2.0,-1.0,0.0,1000000000.0,100.0,40.0,1.14494066072e-05,2.00132888318e-38,4.53082576318e-37,0.0154187202136,0.00989009158164,0.00272386036788,5.83200323021e-08,2.54045436077e-44,5.09066768174e-11,3.23429596713e-23,0.00863848557288,8.15763017871e-27,0.000837770352751,1.88009426595e-07,1.86327774076e-60,4.16617509345e-11,0.000179165144483,1.03876329169e-12,5.02116914022e-10,2.23769385254e-22
100.0,20.0,8.0,2.0,2.0,-1.0,0.0,1000000000.0,100.0,42.0,0.110593111247,0.00233473665141,0.000190844562629,0.0812833173299,1.6134645699e-05,2.15275758522e-23,0.0194312215523,0.509660074945,2.42370306284e-30,0.0283695918974,0.566755519649,0.00108790307653,0.00653685225666,4.60036276414e-09,7.42511937696e-10,7.85858972051e-05,3.27603708342e-05,0.140622346757,7.34322597528e-06,0.0072082379568
100.0,20.0,8.0,2.0,2.0,-1.0,0.0,1000000000.0,100.0,44.0,0.00283404209334,0.000804470165801,0.00277238490904,0.0478813463341,0.149147850218,0.172564590502,0.172614322609,0.00315349775891,0.000204328583505,0.0379895850609,0.000126939000613,0.530138769697,0.0108317634364,0.0254722756401,1.16806474154e-06,0.196130343949,3.30709742575e-15,0.0996437503194,0.205448981177,0.0027052372837
100.0,20.0,10.0,2.0,2.0,-1.0,0.0,1000000000.0,100.0,36.0,2.56589673356e-10,3.42937710406e-05,0.3680733277,3.85146011451e-08,6.77562871199e-05,0.00265947529817,8.25384163253e-08,6.41286873684e-33,0.144884455337,0.000144372917603,4.38375531397e-17,1.25093682203e-06,4.38095814405e-22,3.43910127455e-18,1.11957252284e-07,1.03422803538e-07,0.062979069686,5.6794364294e-10,3.99220036979e-10,7.35008904195e-11
100.0,20.0,10.0,2.0,2.0,-1.0,0.0,1000000000.0,100.0,38.0,0.284186150248,0.00595432093189,0.138389631639,0.0441856477408,0.00100072573674,0.154995782087,0.107582567221,1.71726114219e-09,0.00191157646664,0.047838419745,0.112808668102,5.06899187945e-06,0.00633808266413,0.00359627812828,0.00841874921851,0.000615905219727,0.245459279128,0.00230252162348,0.0752344958317,3.77335017422e-05
100.0,20.0,10.0,2.0,2.0,-1.0,0.0,1000000000.0,100.0,40.0,1.12380118556,0.873368138731,0.262388190428,0.0119805816793,0.410578514576,0.0861724897275,0.200527785292,0.793123639288,0.659706327789,0.328659326469,0.0763702718791,0.0347025474312,0.161382299229,0.541411280543,0.731456209262,0.0117046870501,0.118503881633,0.0307221978744,1.58636134755e-05,0.929904511764
100.0,20.0,10.0,2.0,2.0,-1.0,0.0,1000000000.0,100.0,42.0,4.32271805542,1.87715034411,1.08197763087,1.24888531342,1.78384242,4.03683845571e-05,0.437930861533,0.0722049599146,0.889378137139,0.616184452309,0.209291538817,0.440874240072,0.769429982698,1.35072628841,1.53079402844,2.78507481048,1.02955101887,1.17805551072,1.26907571977,0.327122993243
100.0,20.0,10.0,2.0,2.0,-1.0,0.0,1000000000.0,100.0,44.0,1.58043248753,1.75196599046,0.991845755158,1.00044332269,3.58437873308,1.85425967364,2.55738241308,2.55470127524,0.845581290174,3.18079439927,1.28440260514,3.06391605318,2.15914508878,3.36156321005,2.4816981314,1.68350308543,1.27536600738,1.16486824373,1.5850974922,3.74236231562
100.0,20.0,2.0,2.0,2.0,0.0,0.0,1000000000.0,100.0,36.0,0.0,0.0,0.0,0.0,0.0,0.0,0.0,0.0,0.0,0.0,0.0,0.0,0.0,0.0,0.0,0.0,0.0,0.0,0.0,0.0
100.0,20.0,2.0,2.0,2.0,0.0,0.0,1000000000.0,100.0,38.0,0.0,0.0,0.0,0.0,0.0,0.0,0.0,0.0,0.0,0.0,0.0,0.0,0.0,0.0,0.0,0.0,0.0,0.0,0.0,0.0
100.0,20.0,2.0,2.0,2.0,0.0,0.0,1000000000.0,100.0,40.0,0.0,0.0,0.0,0.0,0.0,0.0,0.0,0.0,0.0,0.0,0.0,0.0,0.0,0.0,0.0,0.0,0.0,0.0,0.0,0.0
100.0,20.0,2.0,2.0,2.0,0.0,0.0,1000000000.0,100.0,42.0,0.0,0.0,0.0,1.04898124972e-277,0.0,0.0,0.0,0.0,4.0325281969e-162,0.0,0.0,0.0,0.0,0.0,0.0,0.0,0.0,0.0,0.0,0.0
100.0,20.0,2.0,2.0,2.0,0.0,0.0,1000000000.0,100.0,44.0,0.0,0.0,0.0,0.0,1.88316047983e-181,0.0,0.0,0.0,0.0,0.0,0.0,8.10956235706e-174,0.0,0.0,0.0,0.0,0.0,6.0109390535e-143,6.01537151496e-246,0.0
100.0,20.0,4.0,2.0,2.0,0.0,0.0,1000000000.0,100.0,36.0,0.0,0.0,0.0,0.0,0.0,0.0,0.0,0.0,0.0,0.0,0.0,0.0,0.0,0.0,0.0,0.0,0.0,0.0,0.0,0.0
100.0,20.0,4.0,2.0,2.0,0.0,0.0,1000000000.0,100.0,38.0,0.0,0.0,0.0,0.0,0.0,0.0,9.16799192763e-57,0.0,0.0,0.0,0.0,0.0,0.0,0.0,0.0,0.0,0.0,0.0,0.0,0.0
100.0,20.0,4.0,2.0,2.0,0.0,0.0,1000000000.0,100.0,40.0,0.0,0.0,6.09553508052e-299,0.0,7.95782653142e-44,0.0,0.0,0.0,0.0,0.0,0.0,6.30330896948e-269,0.0,0.0,0.0,0.0,0.0,0.0,0.0,0.0
100.0,20.0,4.0,2.0,2.0,0.0,0.0,1000000000.0,100.0,42.0,0.0,1.13804775809e-87,3.71579848805e-182,4.37487008178e-160,2.25210106923e-243,2.72576925831e-208,0.0,0.0,1.93002944073e-95,0.0,0.0,0.0,0.0,0.0,1.81540878652e-50,0.0,1.02243970294e-206,0.0,0.0,0.0
100.0,20.0,4.0,2.0,2.0,0.0,0.0,1000000000.0,100.0,44.0,0.0,0.0,0.0,2.31426866953e-74,1.68726847989e-141,1.07108125968e-52,2.52259104605e-166,1.36009235978e-181,0.0,0.000109369281668,1.04104390076e-265,5.89823324653e-198,6.87883548636e-241,2.48671060709e-21,0.0,3.36832088626e-269,0.0,5.00346760037e-92,2.77526306248e-88,2.38352178054e-36
100.0,20.0,6.0,2.0,2.0,0.0,0.0,1000000000.0,100.0,36.0,0.0,0.0,5.21340796967e-264,0.0,0.0,7.59748320897e-267,7.93166058507e-122,2.72688259006e-276,5.65837055629e-311,0.0,0.0,0.0,0.0,0.0,0.0,8.53724147342e-265,5.05146681327e-69,7.0532239979e-39,0.0,0.0
100.0,20.0,6.0,2.0,2.0,0.0,0.0,1000000000.0,100.0,38.0,6.91065167417e-155,0.0,0.0,0.0,8.79309314743e-172,3.91138924886e-136,3.13376017797e-15,1.17518108437e-70,2.89342559847e-22,2.06231214501e-26,8.11332790833e-123,1.3157310458e-81,7.19906435694e-68,2.68234401969e-292,0.0,1.99537617471e-150,2.23184657844e-140,0.0,2.20477799745e-58,4.78580724863e-145
100.0,20.0,6.0,2.0,2.0,0.0,0.0,1000000000.0,100.0,40.0,3.58457499737e-70,8.07103711106e-75,4.01598588976e-60,6.70640795383e-35,1.72435851838e-57,2.93454801672e-19,4.0650919824e-163,1.53031614425e-17,3.70546317131e-145,4.55411196369e-85,2.51677115008e-54,1.11487050951e-27,4.28059346812e-29,2.38257490674e-74,1.53723749764e-31,1.53264936118e-88,2.93538306424e-27,4.58596197512e-19,5.65065071055e-35,1.04195669249e-158
100.0,20.0,6.0,2.0,2.0,0.0,0.0,1000000000.0,100.0,42.0,1.13327761253e-36,2.10025675094e-06,1.65566933554e-49,3.49324864748e-63,3.41713874821e-83,1.68386179132e-11,5.79922953518e-99,3.09152915486e-112,8.08276978308e-95,3.75872071914e-27,2.15288914658e-30,2.03191296581e-83,3.71285288414e-58,2.14965601255e-16,1.26469534555e-10,8.76944873264e-23,4.14204077748e-26,1.49887071719e-173,6.07365204445e-86,5.56984032978e-76
100.0,20.0,6.0,2.0,2.0,0.0,0.0,1000000000.0,100.0,44.0,7.32751393869e-47,5.54951330639e-33,0.00279644186983,1.62319361245e-22,1.56301333419e-10,1.61886968735e-168,3.11227579936e-88,1.18330216475e-05,0.103645393591,2.22376328654e-31,1.10523486526e-07,8.2412513021e-89,3.48043251882e-07,6.30719373618e-95,0.321235503603,4.13442069373e-15,2.95324000501e-15,4.9613924318e-10,1.45223177312e-07,3.57225958284e-05
100.0,20.0,8.0,2.0,2.0,0.0,0.0,1000000000.0,100.0,36.0,1.97565513329e-59,8.84476241985e-63,3.14782534646e-99,1.44087569831e-18,1.23685910817e-29,1.91369376719e-09,4.99788396624e-44,3.80867032015e-75,6.71488128879e-45,1.0152993321e-116,5.43510584261e-58,2.26150034714e-51,7.74006870844e-55,2.79948750524e-21,1.30918913424e-11,4.47527147239e-98,3.43148853701e-24,7.25274312795e-19,4.49954530761e-98,8.31571968613e-11
100.0,20.0,8.0,2.0,2.0,0.0,0.0,1000000000.0,100.0,38.0,4.86489202982e-42,4.05007783326e-08,3.32888266966e-07,3.61006525204e-17,0.0386233983148,0.000672828424552,3.02510376178e-66,1.19414631114e-07,7.810851203e-30,7.42199669111e-23,3.10878783466e-05,0.0232099171595,4.85840348759e-14,5.92351852507e-17,2.82505275254e-07,0.344112919405,1.31603357496e-25,1.68719460363e-11,2.8722200771e-39,2.37663207935e-57
100.0,20.0,8.0,2.0,2.0,0.0,0.0,1000000000.0,100.0,40.0,3.61352279084e-09,8.9650850625e-07,6.61027365163e-08,1.83156490569e-15,3.19182698764e-07,0.00568119809713,3.76349003765e-06,0.00404431406529,7.31886430924e-07,0.000352618444501,2.49816233165e-58,1.57746708566e-07,2.22620391935e-23,4.86513127209e-23,0.00969509584461,6.20714698497e-13,0.780524135128,1.03998548635e-08,1.43146343961e-25,1.63285610981e-09
100.0,20.0,8.0,2.0,2.0,0.0,0.0,1000000000.0,100.0,42.0,1.23575984554e-06,0.00144683778322,0.126721626482,0.0191723437055,0.00135404547611,7.6724278558e-06,1.9593339192e-10,0.00422101990557,0.000436283859289,0.0377846680384,0.0120272136418,1.27622988233e-05,0.00590768945891,8.3491070134e-07,0.0262625631254,1.87107343042e-05,3.89601556477e-05,0.0473023874775,0.00128908027952,0.0476808870406
100.0,20.0,8.0,2.0,2.0,0.0,0.0,1000000000.0,100.0,44.0,0.0375229425989,0.593230153751,0.778942533846,0.0193069301389,0.181337970899,1.06219644807,0.00434981133563,1.02187426332,0.08926563317,0.405607518658,0.217423905594,1.15774725112,0.0493360266618,0.00772028216616,0.0379066972073,7.43290191506e-05,0.323070516315,5.27409227325e-07,0.0150970991254,0.000288797461428
100.0,20.0,10.0,2.0,2.0,0.0,0.0,1000000000.0,100.0,36.0,6.38690406589e-11,4.36307576555e-06,2.00731383306e-18,6.59277812566e-16,8.69130343456e-07,0.0174179438834,0.00083767850502,0.0147217196181,0.00196773378647,7.5479424386e-06,9.12378066752e-19,1.45186293714e-09,0.0316862857142,0.913448574124,1.73889707638e-07,2.95024582095e-06,0.0368382150477,2.5433438947e-13,0.381524933515,0.118302821311
100.0,20.0,10.0,2.0,2.0,0.0,0.0,1000000000.0,100.0,38.0,0.00762968800398,0.00320029163522,0.850545356257,0.0783748114432,0.0815217317457,0.00178258225202,0.214776548129,0.000192636619997,0.241502011267,1.38430601254e-07,0.0420218357577,2.3533688903e-06,4.58672947777e-12,0.000782594140075,0.378027146903,7.72266902841e-09,0.0942809501361,0.0984816565882,0.00150262685514,0.200702316186
100.0,20.0,10.0,2.0,2.0,0.0,0.0,1000000000.0,100.0,40.0,0.550209708839,0.570654130479,0.435991611005,0.146015495703,0.660902468672,0.570576179611,0.0325174548376,0.0287685430522,0.976677349602,0.271182037523,0.000794870695783,0.00133646306125,0.634262449556,0.466766210284,0.24484015126,0.358548583486,0.113052029163,0.401566599491,0.12323345924,0.435765977402
100.0,20.0,10.0,2.0,2.0,0.0,0.0,1000000000.0,100.0,42.0,0.408615263099,1.67069288552,2.06942191665,0.327763125971,2.26686388269,1.25105027074,0.254956338603,1.10866042638,0.377320046745,0.811718778844,1.1743741189,2.63011249012,0.0167606999545,0.659658533823,1.71582546924,1.10915713866,0.0655387210573,0.58572799704,1.07336230262,1.40131557516
100.0,20.0,10.0,2.0,2.0,0.0,0.0,1000000000.0,100.0,44.0,2.68420254583,1.4900487761,2.71038453566,2.48594719757,4.23924125911,2.46304560322,1.96002735991,2.19213121133,2.38988023625,3.18780899739,0.729442247131,3.19526836903,2.49230479732,2.26153731695,2.01810782484,3.06417688181,4.52852467928,2.56058114433,1.14473319253,2.86837805647
100.0,20.0,2.0,2.0,2.0,1.0,0.0,1000000000.0,100.0,36.0,0.0,0.0,0.0,0.0,0.0,0.0,0.0,0.0,0.0,0.0,0.0,0.0,0.0,0.0,0.0,0.0,0.0,0.0,0.0,0.0
100.0,20.0,2.0,2.0,2.0,1.0,0.0,1000000000.0,100.0,38.0,0.0,0.0,0.0,0.0,0.0,0.0,0.0,0.0,0.0,0.0,0.0,0.0,0.0,0.0,0.0,0.0,0.0,0.0,0.0,0.0
100.0,20.0,2.0,2.0,2.0,1.0,0.0,1000000000.0,100.0,40.0,0.0,0.0,0.0,0.0,0.0,0.0,0.0,0.0,0.0,0.0,0.0,0.0,0.0,0.0,0.0,0.0,0.0,0.0,0.0,0.0
100.0,20.0,2.0,2.0,2.0,1.0,0.0,1000000000.0,100.0,42.0,0.0,0.0,0.0,0.0,0.0,0.0,0.0,0.0,0.0,0.0,0.0,0.0,0.0,0.0,0.0,0.0,0.0,0.0,0.0,0.0
100.0,20.0,2.0,2.0,2.0,1.0,0.0,1000000000.0,100.0,44.0,0.0,0.0,0.0,0.0,0.0,0.0,0.0,0.0,0.0,0.0,0.0,0.0,0.0,0.0,1.19109546405e-223,0.0,0.0,0.0,0.0,0.0
100.0,20.0,4.0,2.0,2.0,1.0,0.0,1000000000.0,100.0,36.0,0.0,0.0,0.0,0.0,0.0,0.0,0.0,5.46241834352e-267,0.0,0.0,0.0,0.0,0.0,0.0,0.0,0.0,0.0,0.0,0.0,0.0
100.0,20.0,4.0,2.0,2.0,1.0,0.0,1000000000.0,100.0,38.0,0.0,0.0,0.0,0.0,0.0,0.0,0.0,0.0,0.0,0.0,1.95377617831e-233,0.0,0.0,0.0,0.0,0.0,0.0,0.0,0.0,0.0
100.0,20.0,4.0,2.0,2.0,1.0,0.0,1000000000.0,100.0,40.0,0.0,0.0,0.0,0.0,2.78334976412e-315,0.0,0.0,0.0,0.0,0.0,7.65801751054e-322,0.0,0.0,0.0,0.0,0.0,0.0,5.28261942612e-102,1.1999672894e-60,2.3720836188e-105
100.0,20.0,4.0,2.0,2.0,1.0,0.0,1000000000.0,100.0,42.0,0.0,7.84609355134e-224,1.27815179386e-125,0.0,1.48964345546e-229,0.0,0.0,1.62867829293e-170,1.8720263466e-138,9.83905269932e-109,0.0,0.0,0.0,0.0,4.59602906541e-217,4.7363982225e-17,2.25239547962e-31,0.0,8.58567516717e-319,0.0
100.0,20.0,4.0,2.0,2.0,1.0,0.0,1000000000.0,100.0,44.0,0.0,1.5934982029e-89,2.49102224925e-123,0.0,0.0,5.21106732689e-280,8.24499789124e-26,7.04508686829e-205,3.11689244133e-113,0.0,0.0,1.7668071132e-48,2.15373069358e-167,0.0,5.27589157235e-167,1.65165634248e-60,5.19232390168e-292,1.79067757565e-242,5.10140801965e-108,0.0
100.0,20.0,6.0,2.0,2.0,1.0,0.0,1000000000.0,100.0,36.0,0.0,1.60633757656e-257,1.69002212056e-179,5.20452209789e-318,4.8899876521e-304,1.38017019897e-177,0.0,0.0,0.0,3.32731271414e-110,0.0,2.16235519497e-97,0.0,5.12559692096e-132,0.0,1.7460561535e-200,1.38522277032e-277,1.49249781894e-258,0.0,1.49399270227e-242
100.0,20.0,6.0,2.0,2.0,1.0,0.0,1000000000.0,100.0,38.0,1.4318980949e-47,7.046477694e-30,4.74024350943e-177,5.78281302122e-212,0.0,5.03930730767e-83,4.80606926395e-231,6.2411532689e-275,1.00400511091e-219,5.25459777296e-20,1.05659059053e-40,2.1133923965e-78,3.72369292104e-77,4.79682042964e-99,1.13570568739e-12,2.9423687652e-183,1.22359658523e-15,6.81951218284e-227,5.44382453756e-253,1.1097677962e-79
100.0,20.0,6.0,2.0,2.0,1.0,0.0,1000000000.0,100.0,40.0,8.47879452523e-81,3.59741507475e-255,6.08938738044e-107,1.51830080086e-99,1.5626603955e-74,2.18793672526e-14,2.8710135632e-212,1.64136528551e-43,2.08701997939e-189,3.0490982089e-33,1.50667942395e-23,2.24964802333e-32,9.75744563549e-44,6.24993968639e-137,8.17670045802e-53,1.22096943039e-207,1.25584523647e-33,0.0,7.61132177367e-103,6.2013683389e-127
100.0,20.0,6.0,2.0,2.0,1.0,0.0,1000000000.0,100.0,42.0,3.69771025985e-87,1.60356026074e-29,2.02591938934e-66,3.8392321786e-38,4.77979195265e-24,1.20462052228e-40,5.79776090811e-24,3.27747213032e-15,1.08406574515e-110,1.51202943476e-37,3.81785217595e-23,1.27634582973e-39,2.80955602713e-85,3.79090736501e-73,1.19624459422e-36,2.56292665657e-26,1.22925325666e-10,2.68611885159e-08,1.81711820486e-15,7.25416173713e-50
100.0,20.0,6.0,2.0,2.0,1.0,0.0,1000000000.0,100.0,44.0,7.09704932983e-31,1.31728465021e-34,0.000240790777657,5.56858696326e-48,5.14040477586e-10,1.62328826748e-20,3.42255869758e-37,0.138189840998,3.23468192032e-16,9.62788181197e-07,2.36281242601e-06,8.05039522462e-38,2.95538673026e-26,6.65257898232e-61,2.56825809604e-10,2.26819665768e-29,8.79021966352e-05,5.04721492841e-16,2.28751542098e-07,2.26419763863e-20
100.0,20.0,8.0,2.0,2.0,1.0,0.0,1000000000.0,100.0,36.0,2.26466674839e-37,4.34892633006e-14,2.19219225055e-93,2.14077982761e-25,1.27758953704e-26,5.01360707047e-79,2.73800010687e-46,1.62702056844e-92,1.65198576728e-52,7.29512031597e-117,1.04100899326e-59,3.3240482915e-14,6.18103652223e-25,4.17267312296e-151,2.34355153334e-77,9.03245094616e-63,4.40999951501e-162,5.59841624554e-87,7.34531858037e-37,3.25776848209e-71
100.0,20.0,8.0,2.0,2.0,1.0,0.0,1000000000.0,100.0,38.0,8.21987559211e-15,1.19882054658e-12,0.00110323828016,2.24668109175e-71,1.91638256778e-06,3.2198191875e-08,0.091983255628,1.47763558547e-17,7.43225898053e-06,1.66315580179e-10,2.37106214066e-15,3.68248250958e-39,3.70146357277e-11,3.24521986142e-08,6.3602817434e-05,1.57328615247e-61,4.58996383296e-09,1.11136795422e-90,8.35518345548e-27,1.99434725575e-25
100.0,20.0,8.0,2.0,2.0,1.0,0.0,1000000000.0,100.0,40.0,1.15547965612e-17,3.44090750567e-09,0.00381503920445,0.502090699239,1.15187946985e-08,2.91246870604e-09,0.446454293023,1.07242233094e-05,0.0116449493984,2.88820834649e-06,0.000392649005992,2.29141279585e-14,7.21830773169e-08,1.41260698276e-06,1.08118334965e-20,0.219510117922,0.000151017707361,0.000732680712982,0.000504929788876,6.34905839507e-09
100.0,20.0,8.0,2.0,2.0,1.0,0.0,1000000000.0,100.0,42.0,1.83059465601e-05,2.88553864659e-05,3.8058266937e-11,3.34226533124e-06,0.493552825347,6.38907187733e-11,0.0308041297195,7.55798246281e-09,0.000195448678017,1.91826474091e-13,1.0550341674e-13,1.60500593397,0.151221426797,5.08232943002e-09,0.022318527247,0.534344856575,1.38278126309e-05,0.0185273635847,0.0846677463206,4.80496439411e-06
100.0,20.0,8.0,2.0,2.0,1.0,0.0,1000000000.0,100.0,44.0,0.0374807468335,7.60494461862e-07,0.319912338982,0.0125223818284,0.00339537324951,0.817664128016,0.309081634148,0.129521721027,0.107478701291,0.0018610839245,0.44667201704,1.12119475344,0.325605123499,0.52557668061,0.00606843110338,0.158995033989,0.189289832834,0.311828122588,0.0964729187115,0.108282327795
100.0,20.0,10.0,2.0,2.0,1.0,0.0,1000000000.0,100.0,36.0,0.00477048632026,0.00468004704607,2.19867881298e-09,1.74490465167e-14,0.00700331635665,8.56163557913e-05,0.182151869038,0.393941586859,0.0122413134406,0.0187044288245,0.00112391993056,7.22020123195e-05,2.93513008629e-06,3.05777144598e-09,0.00179444786861,1.38822510677e-07,3.1919143246e-14,0.00143507542343,7.24860369581e-06,1.05911116817e-08
100.0,20.0,10.0,2.0,2.0,1.0,0.0,1000000000.0,100.0,38.0,0.235217621856,0.0454655637955,0.0199420148251,0.00277593702531,1.52814229376e-09,0.70140416843,0.0750003496605,0.00312420548456,0.0285199037555,0.423168311351,0.0196010180803,0.0170178649045,0.212860374883,0.462157459409,0.0616946117608,0.25287596192,0.00527363508301,0.467222172975,0.22689058297,4.11120972506e-05
100.0,20.0,10.0,2.0,2.0,1.0,0.0,1000000000.0,100.0,40.0,0.160444997323,0.72938566026,0.0217721589947,0.307315938448,0.71922241416,0.362706444779,0.56448684081,0.383868212195,0.100703690473,1.21652056596,0.0744428242449,0.362869514207,0.742973337976,1.34295865256,0.537517662117,0.577659380932,0.134952416615,0.320584207429,0.697780065378,0.0871063020312
100.0,20.0,10.0,2.0,2.0,1.0,0.0,1000000000.0,100.0,42.0,1.55532970274,1.13541107677,2.72256522684,1.3987772797,0.582668290746,1.10565881588,0.908099673532,3.9084984187,3.05924470047,1.23142752286,0.492773431116,0.672279681177,2.74962209085,2.29034744809,2.11184550785,1.4336037046,0.70051851901,1.32964499612,2.97703809443,0.462414335984
100.0,20.0,10.0,2.0,2.0,1.0,0.0,1000000000.0,100.0,44.0,4.37494047055,2.05423191708,1.83739649838,4.8210246371,1.29166747716,6.42758219307,5.97042972443,5.16400559165,5.53761360542,6.07934637102,2.90416846591,4.33809050878,4.1711652218,2.67866153707,4.57446289974,3.24970440699,1.76545129964,2.06839724286,4.80560561438,3.59689078049
100.0,20.0,2.0,2.0,2.0,2.0,0.0,1000000000.0,100.0,36.0,0.0,0.0,0.0,0.0,0.0,0.0,0.0,0.0,0.0,0.0,0.0,0.0,0.0,0.0,0.0,0.0,0.0,0.0,0.0,0.0
100.0,20.0,2.0,2.0,2.0,2.0,0.0,1000000000.0,100.0,38.0,0.0,0.0,0.0,0.0,0.0,0.0,0.0,0.0,0.0,0.0,0.0,0.0,0.0,0.0,0.0,0.0,0.0,0.0,0.0,0.0
100.0,20.0,2.0,2.0,2.0,2.0,0.0,1000000000.0,100.0,40.0,0.0,0.0,0.0,0.0,0.0,0.0,0.0,0.0,0.0,0.0,0.0,0.0,0.0,0.0,5.52274633716e-255,0.0,0.0,0.0,0.0,0.0
100.0,20.0,2.0,2.0,2.0,2.0,0.0,1000000000.0,100.0,42.0,0.0,0.0,0.0,0.0,0.0,0.0,0.0,0.0,0.0,7.37466107366e-289,0.0,0.0,0.0,0.0,0.0,0.0,0.0,0.0,0.0,0.0
100.0,20.0,2.0,2.0,2.0,2.0,0.0,1000000000.0,100.0,44.0,0.0,0.0,0.0,0.0,2.0792533502e-239,0.0,7.47940290373e-277,0.0,0.0,0.0,0.0,0.0,0.0,0.0,0.0,0.0,0.0,0.0,0.0,7.53583373586e-236
100.0,20.0,4.0,2.0,2.0,2.0,0.0,1000000000.0,100.0,36.0,0.0,0.0,0.0,0.0,0.0,0.0,0.0,0.0,0.0,0.0,0.0,0.0,0.0,0.0,0.0,0.0,0.0,0.0,0.0,0.0
100.0,20.0,4.0,2.0,2.0,2.0,0.0,1000000000.0,100.0,38.0,0.0,0.0,0.0,1.30712375576e-64,0.0,4.59343931986e-69,0.0,0.0,0.0,0.0,0.0,0.0,0.0,0.0,0.0,0.0,0.0,0.0,0.0,0.0
100.0,20.0,4.0,2.0,2.0,2.0,0.0,1000000000.0,100.0,40.0,0.0,0.0,0.0,0.0,0.0,0.0,0.0,0.0,0.0,0.0,0.0,8.47039374672e-264,8.44251337572e-74,0.0,7.18159283759e-83,0.0,0.0,0.0,0.0,0.0
100.0,20.0,4.0,2.0,2.0,2.0,0.0,1000000000.0,100.0,42.0,0.0,0.0,0.0,6.10872130819e-14,0.0,4.79771966998e-282,0.0,0.0,0.0,0.0,0.0,4.5634732682e-126,1.45749365523e-321,5.73329448959e-116,0.0,7.04101143198e-185,7.7391045712e-98,0.0,0.0,1.0712513677e-250
100.0,20.0,4.0,2.0,2.0,2.0,0.0,1000000000.0,100.0,44.0,0.0,0.0,1.14779864132e-07,6.77525696332e-20,6.89649143164e-137,0.0,2.33627394042e-255,8.00799931377e-163,4.71660358575e-160,0.00136212491865,2.05455612912e-220,1.56451148425e-183,8.53780020609e-319,1.90494039292e-262,0.0,1.86935843221e-167,1.85139751756e-181,3.04568184057e-17,0.0,1.30496671838e-108
100.0,20.0,6.0,2.0,2.0,2.0,0.0,1000000000.0,100.0,36.0,0.0,0.0,3.37963341228e-130,1.519724218e-195,5.15721353887e-271,1.65811264093e-87,0.0,0.0,3.24231330077e-177,2.200866485e-207,2.1296301332e-53,8.27625945264e-133,9.01445933805e-190,1.83890564177e-106,4.68229109015e-42,2.3975418538e-188,7.9360341385e-217,2.32504596206e-114,5.08906319508e-47,1.77667098843e-198
100.0,20.0,6.0,2.0,2.0,2.0,0.0,1000000000.0,100.0,38.0,1.04528762282e-284,7.64773999282e-58,2.6401412356e-65,2.50799954979e-19,1.08688791148e-144,2.8616120908e-131,9.47439953499e-169,6.19066855486e-170,2.61903777723e-207,1.57073675816e-70,0.0,1.05301870167e-72,8.31385145321e-174,2.00897775852e-135,7.68881177521e-256,5.84339618493e-277,5.47711894945e-200,1.94427052011e-87,1.08852906838e-57,0.000472237087439
100.0,20.0,6.0,2.0,2.0,2.0,0.0,1000000000.0,100.0,40.0,9.14152295403e-27,1.0470824719e-31,5.97351864269e-36,9.57838244672e-08,1.26858852482e-43,1.36125238064e-70,1.26417703909e-51,1.0351667834e-43,6.39703903467e-32,7.12126852402e-149,9.87434807809e-180,3.51358282675e-23,1.47776376895e-279,1.48470889693e-78,3.85397914896e-30,2.70428042529e-58,3.98788162429e-51,2.47868925963e-47,5.13419231559e-50,1.14102383565e-18
100.0,20.0,6.0,2.0,2.0,2.0,0.0,1000000000.0,100.0,42.0,1.80447034935e-08,3.47385516137e-21,1.22381098421e-26,7.60994354494e-92,1.62482249629e-155,3.01516719445e-08,3.03529154354e-66,1.91706808926e-18,3.35217637522e-41,2.59765883275e-40,2.5068892435e-14,1.01022384472e-05,4.37028131203e-11,1.41088379069e-09,1.57290833534e-49,4.21432434175e-56,8.51160840625e-21,1.12813485895e-55,1.05618249994e-56,2.36498976689e-51
100.0,20.0,6.0,2.0,2.0,2.0,0.0,1000000000.0,100.0,44.0,2.36062505333e-06,1.42550952744e-08,0.000115812737788,0.00156137359665,0.0070456442367,3.47200613664e-45,2.73041507143e-06,0.0165481168678,3.09891183511e-62,2.4212583137e-20,1.809100875e-15,2.72536328633e-14,1.06244387081e-34,2.12044279523e-15,3.89184234392e-18,2.03679485109e-76,2.95555312406e-09,2.85476926001e-11,6.351744483e-05,0.084698024198
100.0,20.0,8.0,2.0,2.0,2.0,0.0,1000000000.0,100.0,36.0,1.32589591586e-15,2.74838966281e-33,1.36558919112e-45,7.21166909823e-05,4.2631663783e-06,3.15697113533e-09,7.73643773021e-44,1.92465079812e-19,0.0553436870678,3.9822843666e-37,5.92602297798e-05,3.12823724346e-14,8.20335406879e-09,4.67283606785e-15,5.19501705059e-60,1.95377860356e-06,0.0032844123243,6.38268711476e-21,1.23250800522e-55,1.58234945654e-07
100.0,20.0,8.0,2.0,2.0,2.0,0.0,1000000000.0,100.0,38.0,2.17840575419e-05,1.2653082808e-08,7.4446350058e-22,1.13354702731e-14,1.10607788685e-29,0.000105287483652,1.66693155204e-09,0.0565543892494,8.98279839163e-19,3.23843368671e-06,5.34270685355e-12,0.000375571981491,0.00933684955633,3.58542021241e-08,6.79150709917e-09,4.80344024951e-19,0.000665832613584,1.47009174798e-13,1.98386939381e-31,8.37881443733e-10
100.0,20.0,8.0,2.0,2.0,2.0,0.0,1000000000.0,100.0,40.0,2.19931311525e-08,0.00427222528823,0.0171409843216,2.26153900498e-16,7.48842041763e-08,1.52881791554e-09,2.43310170482e-17,3.80293634492e-11,9.3342366639e-12,2.84371742097e-19,0.000159729579136,1.1604720481e-06,2.52040160307e-07,0.00488083928809,0.0588344100758,0.00106330543219,0.0388766414128,0.000133262841234,0.0546984391819,0.000677413501368
100.0,20.0,8.0,2.0,2.0,2.0,0.0,1000000000.0,100.0,42.0,0.0386735836559,0.905983465582,0.00168717867503,0.000447955883439,2.4460047204e-08,1.41597687315e-06,3.14323515801e-05,0.341895602964,0.0156246183045,0.616145402353,0.421526595022,2.37513931913e-05,0.0163878306614,0.000124815991478,0.023051682248,5.05419833859e-09,4.11367230595e-05,0.000863809251195,0.458521518384,0.00086128792447
100.0,20.0,8.0,2.0,2.0,2.0,0.0,1000000000.0,100.0,44.0,0.707501187242,0.404610232482,0.00675155910601,0.607953343064,0.0152130049607,0.0688584099423,0.423242394394,0.0956642410072,0.0204011086046,0.0139750405257,0.0458987680742,0.0427916750194,0.0949797777545,0.0443342552634,0.0155350727063,0.415318735222,0.070550921074,0.0599199652844,0.0694241551705,0.804639088655
100.0,20.0,10.0,2.0,2.0,2.0,0.0,1000000000.0,100.0,36.0,1.77077617204e-05,7.45865165519e-07,0.0156202319695,0.00461459890792,4.26122440925e-09,1.58285588507e-09,0.00441868746935,1.56859944473e-09,0.0010757777427,2.64147095693e-05,2.07579158961e-08,4.14358797299e-05,8.84998645084e-08,6.07185945826e-05,0.0751845591769,0.000551660317441,0.000155111833535,0.0343008086011,0.00662132190119,5.31896199576e-05
100.0,20.0,10.0,2.0,2.0,2.0,0.0,1000000000.0,100.0,38.0,0.534227474482,0.0801364133349,0.164021096333,3.81216551339e-05,0.090693136415,0.000363018681288,0.000161428704261,0.587341740126,0.0505080410317,0.0766123840978,0.230591897291,0.0345800252424,0.00470371990996,0.21791721257,0.353239776546,0.121992007271,0.0495458102615,0.563444923748,0.450849052083,0.0201355406432
100.0,20.0,10.0,2.0,2.0,2.0,0.0,1000000000.0,100.0,40.0,0.406902536239,1.22079355835,1.967189882,1.28705065641,0.108438585628,1.09295903874,0.25942397059,0.809076733039,0.244662360213,0.477077389713,0.305971500655,0.983396483002,1.47790411135,0.803184777855,0.26319733959,0.156591743358,0.584445226347,1.52128254097,0.408737372861,1.06601274724
100.0,20.0,10.0,2.0,2.0,2.0,0.0,1000000000.0,100.0,42.0,0.727060937688,1.18603851279,2.43389588098,2.44937993654,4.84608824181,1.28465396384,1.89995309793,2.87620265533,0.901387584099,0.425431745101,1.87681728169,1.56971629588,2.77552471606,1.05496563223,2.13541919641,1.36207082601,1.61714353682,2.06846464957,1.37894886752,2.09507453327
100.0,20.0,10.0,2.0,2.0,2.0,0.0,1000000000.0,100.0,44.0,2.04993314627,2.74683070803,5.98066550633,4.56093604584,4.57249522387,2.87622029619,3.83801951654,1.15093263812,5.79569732308,3.93626169805,4.39373619529,5.25107715725,3.44227812538,3.39231636513,4.04846663134,8.33556582936,4.60726386554,3.70059032907,5.59613664061,2.31592943037
100.0,20.0,2.0,2.0,2.0,3.0,0.0,1000000000.0,100.0,36.0,0.0,0.0,0.0,0.0,0.0,0.0,0.0,0.0,0.0,0.0,0.0,0.0,0.0,0.0,0.0,0.0,0.0,0.0,0.0,0.0
100.0,20.0,2.0,2.0,2.0,3.0,0.0,1000000000.0,100.0,38.0,0.0,0.0,0.0,0.0,0.0,0.0,0.0,0.0,0.0,0.0,0.0,0.0,0.0,0.0,0.0,0.0,0.0,0.0,0.0,0.0
100.0,20.0,2.0,2.0,2.0,3.0,0.0,1000000000.0,100.0,40.0,0.0,0.0,0.0,0.0,0.0,0.0,0.0,0.0,0.0,0.0,0.0,0.0,0.0,0.0,0.0,0.0,9.05965474879e-226,0.0,0.0,0.0
100.0,20.0,2.0,2.0,2.0,3.0,0.0,1000000000.0,100.0,42.0,0.0,0.0,1.6143405771e-144,0.0,0.0,0.0,0.0,0.0,0.0,0.0,0.0,0.0,0.0,0.0,0.0,0.0,0.0,0.0,0.0,0.0
100.0,20.0,2.0,2.0,2.0,3.0,0.0,1000000000.0,100.0,44.0,0.0,0.0,0.0,0.0,0.0,0.0,0.0,0.0,0.0,0.0,0.0,4.55200307767e-195,0.0,0.0,0.0,0.0,0.0,0.0,0.0,0.0
100.0,20.0,4.0,2.0,2.0,3.0,0.0,1000000000.0,100.0,36.0,0.0,0.0,0.0,0.0,1.51865898219e-319,0.0,0.0,0.0,0.0,0.0,0.0,0.0,0.0,0.0,0.0,0.0,0.0,0.0,0.0,0.0
100.0,20.0,4.0,2.0,2.0,3.0,0.0,1000000000.0,100.0,38.0,0.0,0.0,0.0,0.0,3.03412159597e-186,0.0,0.0,0.0,0.0,0.0,0.0,0.0,0.0,0.0,0.0,0.0,5.68791843724e-192,0.0,1.89448818624e-133,0.0
100.0,20.0,4.0,2.0,2.0,3.0,0.0,1000000000.0,100.0,40.0,0.0,0.0,0.0,2.82089313579e-173,0.0,1.17957569727e-91,0.0,2.91097361375e-283,0.0,3.67796317113e-10,9.04637804663e-22,0.0,0.0,1.81489254474e-94,0.0,7.03255738828e-116,0.0,1.93363153178e-108,0.0,0.0
100.0,20.0,4.0,2.0,2.0,3.0,0.0,1000000000.0,100.0,42.0,6.62988956711e-194,0.0,8.61911734781e-49,6.03038346011e-307,1.18494974291e-272,6.8084066764e-194,0.0,6.6318446592e-281,1.11768429505e-70,7.71931514373e-13,0.0,4.51490070209e-95,6.77876612569e-167,0.0,1.4079462684e-105,0.0,0.0,0.0,0.0,0.0
100.0,20.0,4.0,2.0,2.0,3.0,0.0,1000000000.0,100.0,44.0,3.85063148289e-294,2.18838698404e-24,2.15158025698e-84,2.84859657475e-117,3.71720012474e-172,1.76356276784e-149,3.56363711492e-307,3.02063915339e-22,7.06175294268e-287,2.72277220845e-80,7.28661152248e-125,0.0,7.56974661767e-20,1.68185247209e-146,8.60052196517e-130,8.59715351644e-14,2.42225036412e-207,1.11560391789e-198,0.0,2.02362467796e-146
100.0,20.0,6.0,2.0,2.0,3.0,0.0,1000000000.0,100.0,36.0,1.89231053203e-98,0.0,1.76867948947e-216,1.64715385365e-146,0.0,4.35054921563e-122,1.06164839545e-135,0.0,6.28421646201e-269,6.528238474e-263,7.09371768485e-217,1.34454066254e-305,0.0,5.21622792113e-210,7.17891922563e-220,3.87426051525e-308,7.67238847475e-197,3.89640477119e-37,0.0,6.77544852937e-235
100.0,20.0,6.0,2.0,2.0,3.0,0.0,1000000000.0,100.0,38.0,5.61494729947e-44,2.219346915e-130,1.94339873654e-73,9.4936316188e-122,3.3589883911e-71,6.43077498229e-111,6.75416437476e-148,2.51395376942e-24,1.22535533892e-16,1.7459050328e-124,8.53133878596e-12,1.88345063592e-36,2.37916995382e-50,1.34642374289e-74,4.2478169692e-07,7.9575456043e-24,4.73540086901e-51,8.54959628486e-143,4.35565912228e-29,7.46034857358e-54
100.0,20.0,6.0,2.0,2.0,3.0,0.0,1000000000.0,100.0,40.0,1.48744698905e-85,2.66564174409e-15,5.91245804354e-18,2.5135561965e-10,1.70275180049e-44,2.46695168217e-21,4.55039086754e-158,2.28858353955e-15,4.68331496935e-169,2.24186447046e-23,2.27604878442e-11,8.84950990338e-13,1.25836994406e-11,9.4926497884e-75,2.94090906523e-36,5.60970187922e-51,1.76071470485e-13,1.42752835481e-12,4.33959835865e-68,0.000818232623289
100.0,20.0,6.0,2.0,2.0,3.0,0.0,1000000000.0,100.0,42.0,8.00081437529e-38,9.79157561631e-11,2.1792696851e-17,4.07577979001e-33,7.56948234662e-05,1.62284399886e-49,5.4676377949e-20,9.03802684588e-08,4.71784475977e-10,8.05122797167e-67,2.72228327142e-27,3.57840683242e-51,0.000198386612413,1.62091568616e-20,8.07288300503e-29,1.2455131439e-07,3.06172614354e-32,2.48585023725e-25,3.30980176501e-16,1.092854745e-09
100.0,20.0,6.0,2.0,2.0,3.0,0.0,1000000000.0,100.0,44.0,1.81769528992e-16,7.83554650929e-06,6.68023946633e-18,5.69893831151e-22,0.313891438045,9.46646900212e-05,1.06505549494e-08,3.01869100645e-08,5.2435206179e-11,1.26770154419e-10,0.00170815148469,8.34497508119e-12,7.76109847485e-56,1.45479672421e-15,1.85018296385e-16,5.51715491139e-13,0.00211022793273,1.24154220828e-12,0.00378109943773,2.26521722728e-08
100.0,20.0,8.0,2.0,2.0,3.0,0.0,1000000000.0,100.0,36.0,7.97369305724e-17,5.66666046507e-09,5.51494511652e-08,1.46674778556e-53,1.33464034773e-28,4.97750563083e-121,8.35124026871e-47,1.17024118756e-62,1.39807582682e-46,5.39573452152e-37,4.65889076474e-36,3.02479955224e-17,1.35119940508e-14,2.85958719348e-07,1.66038896901e-43,2.38303025263e-48,7.60093507025e-22,0.028737710304,2.68589581837e-32,2.9732847541e-18
100.0,20.0,8.0,2.0,2.0,3.0,0.0,1000000000.0,100.0,38.0,0.000265276253563,1.76979614923e-10,2.58307859601e-06,9.49988672466e-11,3.31280199142e-38,2.7539245627e-08,3.04720056724e-20,9.69549835539e-18,1.81593133849e-22,6.9295962388e-50,4.64741400251e-15,9.37992265629e-20,0.0126577728479,1.3567689593e-06,2.05870658276e-12,0.000331832048613,0.238000103269,8.12697840131e-23,5.1448805559e-11,4.37036819256e-07
100.0,20.0,8.0,2.0,2.0,3.0,0.0,1000000000.0,100.0,40.0,0.00567863452323,6.19150229132e-10,0.000112666624224,1.75228163195e-13,0.00637576036732,7.44308709567e-05,4.11954831648e-10,0.276173251503,0.0113920599658,1.37353262928e-05,0.0023156063739,0.372129213667,0.0416296280879,6.51615545417e-08,5.29631518956e-06,0.013045686786,0.542296504607,0.0787316092292,5.98049099267e-09,1.98188167327e-42
100.0,20.0,8.0,2.0,2.0,3.0,0.0,1000000000.0,100.0,42.0,0.00807671087975,0.0010734475378,0.0777584185997,0.625522266519,3.87309332686e-06,0.673244112439,0.0347971763879,0.0016227814518,0.743896583136,0.000437532758377,0.00338492445405,0.208827377102,0.018106460944,0.0592849179426,0.0322265176259,0.0217770399203,3.03760052927e-08,0.100076919892,0.00132058483634,0.375416487423
100.0,20.0,8.0,2.0,2.0,3.0,0.0,1000000000.0,100.0,44.0,0.253577533177,0.0238458838451,1.04923438118,0.307648344934,0.669913589692,0.352177685869,0.644674612687,5.28488381989e-07,0.371981937723,0.0610229326914,0.945530806876,0.00931305448632,0.281368589015,0.137316801565,0.847895100511,0.000319568334095,0.250787431016,0.878245027169,0.323923804532,0.159120755992
100.0,20.0,10.0,2.0,2.0,3.0,0.0,1000000000.0,100.0,36.0,0.507526692976,0.666706975608,4.94816165442e-07,0.00279156123625,0.0970463287426,0.000231572742737,1.13409672369e-07,3.43774076588e-08,0.00908197859319,0.00100954657897,4.4596972531e-09,0.0578830336079,0.000597991129058,7.97814507794e-09,0.00599564623614,4.45922113057e-06,0.00129684586221,1.34644294571e-08,0.0102204908798,0.00409952076906
100.0,20.0,10.0,2.0,2.0,3.0,0.0,1000000000.0,100.0,38.0,0.0227133365259,0.0452310551702,0.659274368253,0.0385039188182,0.638537682415,0.0286522274397,0.122283306602,0.797262141969,0.92191138835,0.266268159629,0.844012454017,0.0439057703033,0.120434109001,0.562730865502,0.62325627087,0.00578579666939,0.0545612712516,0.0171236855802,0.0881798954655,6.31693661995e-05
100.0,20.0,10.0,2.0,2.0,3.0,0.0,1000000000.0,100.0,40.0,1.4547400443,0.00539949404718,0.0203471119069,1.1558873747,2.47407498891,0.34493588489,0.683813271932,3.34337250079,0.538625876229,1.43819002917,0.000766505131621,0.512001051759,0.213382653924,1.90078367537,1.80680790513,0.714031604834,0.803135437376,0.366858332127,0.0734276633684,0.832275924897
100.0,20.0,10.0,2.0,2.0,3.0,0.0,1000000000.0,100.0,42.0,2.31497622314,3.04418632266,3.73826455823,1.44014223895,2.45928235613,2.98679986939,4.0552888633,1.73796798774,3.26148739546,1.52012747062,3.2025271773,2.89405681852,4.22114029755,1.26236822642,3.28747366131,1.20988365972,2.72679025673,3.07710742739,5.41979008711,1.56172130693
100.0,20.0,10.0,2.0,2.0,3.0,0.0,1000000000.0,100.0,44.0,1.16055229238,5.59433996459,3.3789284742,6.41096999892,5.99597354057,6.04769672757,6.05037454576,2.51593917947,5.75214802705,4.1276846026,3.13833707078,4.58838992202,6.58994430817,3.78883721662,3.57892529845,8.45986372974,6.50863745797,6.10090728834,5.33163454644,6.44494807307
