n,k,ab,ab_sd,d,d_shift,d_sd,d_trend,n0,max_d,d_interest,k_1,k_2,k_3,k_4,k_5
80.0,5.0,2.0,0.2,2.0,-2.0,0.6,0.5,440.0,100.0,70.0,37.9094450252,38.0962505421,41.8181121384,40.288873361,37.8674180514
80.0,5.0,2.0,0.2,2.0,-2.0,0.6,0.5,450.0,100.0,70.0,40.0403612555,38.1946740991,38.3744417456,38.4227425308,37.8713718602
80.0,5.0,2.0,0.2,2.0,-2.0,0.6,0.5,460.0,100.0,70.0,37.6606462971,37.7443714247,36.0375320525,34.864726474,38.5498644866
80.0,5.0,2.0,0.2,2.0,-2.0,0.6,0.5,470.0,100.0,70.0,36.6768138588,36.365816388,35.4745077251,37.2565755933,35.5563943112
80.0,5.0,2.0,0.2,2.0,-2.0,0.6,0.5,480.0,100.0,70.0,34.8666970921,35.3766445468,36.2326420297,36.1748934614,36.3481133612
80.0,5.0,2.0,0.2,2.0,-2.0,0.6,0.5,440.0,100.0,72.0,45.5023042331,45.999497734,46.4456446674,47.4120215211,45.624002963
80.0,5.0,2.0,0.2,2.0,-2.0,0.6,0.5,450.0,100.0,72.0,45.9103391253,45.7516429214,43.3225839653,45.3260314328,46.545669714
80.0,5.0,2.0,0.2,2.0,-2.0,0.6,0.5,460.0,100.0,72.0,45.3904044517,43.8182686212,43.2366563178,44.7152013546,44.9521295858
80.0,5.0,2.0,0.2,2.0,-2.0,0.6,0.5,470.0,100.0,72.0,42.8707525185,42.9160160921,43.6128777789,42.4769559692,43.8751866129
80.0,5.0,2.0,0.2,2.0,-2.0,0.6,0.5,480.0,100.0,72.0,43.1121625948,45.0093116444,43.5324230338,43.1996075983,40.3081520255
80.0,5.0,2.0,0.2,2.0,-2.0,0.6,0.5,440.0,100.0,74.0,48.7430555051,53.866474313,51.2372729481,52.7592133242,52.7205078901
80.0,5.0,2.0,0.2,2.0,-2.0,0.6,0.5,450.0,100.0,74.0,52.1572509463,52.5337450725,50.8619647529,51.6475195564,52.8245811642
80.0,5.0,2.0,0.2,2.0,-2.0,0.6,0.5,460.0,100.0,74.0,51.9474515592,51.4741276105,52.1480777496,51.2407168172,53.573978466
80.0,5.0,2.0,0.2,2.0,-2.0,0.6,0.5,470.0,100.0,74.0,49.6729168472,50.3171868792,49.7620908212,49.9402843296,50.3909317145
80.0,5.0,2.0,0.2,2.0,-2.0,0.6,0.5,480.0,100.0,74.0,49.4473728014,50.5541279857,49.5833091181,47.6431597888,49.5777288499
80.0,5.0,2.0,0.2,2.0,-2.0,0.6,0.5,440.0,100.0,76.0,59.7731857246,56.6507042702,60.4807759342,59.3898085906,58.9129369656
80.0,5.0,2.0,0.2,2.0,-2.0,0.6,0.5,450.0,100.0,76.0,59.1569273203,57.8612980441,58.6242705058,57.1889554561,57.6468495503
80.0,5.0,2.0,0.2,2.0,-2.0,0.6,0.5,460.0,100.0,76.0,58.4034806148,55.2932398712,55.7743666489,58.7268985666,57.8371337225
80.0,5.0,2.0,0.2,2.0,-2.0,0.6,0.5,470.0,100.0,76.0,56.4684722852,57.2102693937,55.6534349566,57.8625381404,57.671760395
80.0,5.0,2.0,0.2,2.0,-2.0,0.6,0.5,480.0,100.0,76.0,53.9749096895,55.0985192865,56.1848736218,54.6268396335,54.0336937306
80.0,5.0,2.0,0.2,2.0,-2.0,0.6,0.5,440.0,100.0,78.0,64.0415129679,64.0588203109,64.6629156888,65.9582899173,63.7223987769
80.0,5.0,2.0,0.2,2.0,-2.0,0.6,0.5,450.0,100.0,78.0,65.2247209215,63.6452271057,63.852575418,65.4899741815,64.0204052495
80.0,5.0,2.0,0.2,2.0,-2.0,0.6,0.5,460.0,100.0,78.0,63.0357973514,64.89437411,64.1936568664,63.6859556487,64.8820747428
80.0,5.0,2.0,0.2,2.0,-2.0,0.6,0.5,470.0,100.0,78.0,62.9180656826,63.4852530729,63.0467230409,63.2556405573,62.8851495226
80.0,5.0,2.0,0.2,2.0,-2.0,0.6,0.5,480.0,100.0,78.0,63.1240327205,62.1224128616,63.0777387855,61.9599625099,61.0921358398
80.0,5.0,2.0,0.2,2.0,-2.0,0.6,0.5,440.0,100.0,80.0,69.4236584926,70.9743377685,69.4077305341,70.5567568481,68.5980620142
80.0,5.0,2.0,0.2,2.0,-2.0,0.6,0.5,450.0,100.0,80.0,70.3011473097,69.9404309934,69.4434422792,69.0870734562,71.4099914451
80.0,5.0,2.0,0.2,2.0,-2.0,0.6,0.5,460.0,100.0,80.0,68.8611172713,68.1276345797,68.9364851725,67.9921860639,69.0811891568
80.0,5.0,2.0,0.2,2.0,-2.0,0.6,0.5,470.0,100.0,80.0,68.2811548917,68.5891556053,69.0376378506,66.3994982598,68.1036617645
80.0,5.0,2.0,0.2,2.0,-2.0,0.6,0.5,480.0,100.0,80.0,67.7914461376,67.0665786686,67.5764842942,68.8880983213,67.5193836535
80.0,5.0,3.0,0.2,2.0,-2.0,0.6,0.5,440.0,100.0,70.0,80.5249384037,81.0237209166,80.7940089996,81.13686544,80.229808444
80.0,5.0,3.0,0.2,2.0,-2.0,0.6,0.5,450.0,100.0,70.0,80.984091412,79.5691240491,79.8445447571,80.4268802526,80.7187925565
80.0,5.0,3.0,0.2,2.0,-2.0,0.6,0.5,460.0,100.0,70.0,79.7306951316,80.9219951511,78.8429183828,80.3433703446,79.1368504477
80.0,5.0,3.0,0.2,2.0,-2.0,0.6,0.5,470.0,100.0,70.0,79.1562263708,78.6953154765,79.3011058306,78.7880420993,79.2364954219
80.0,5.0,3.0,0.2,2.0,-2.0,0.6,0.5,480.0,100.0,70.0,78.0608723684,79.6104012427,77.9139728435,77.9924310539,78.9101010879
80.0,5.0,3.0,0.2,2.0,-2.0,0.6,0.5,440.0,100.0,72.0,84.4985766875,83.6456798832,84.0812904555,83.5896962332,84.1288638858
80.0,5.0,3.0,0.2,2.0,-2.0,0.6,0.5,450.0,100.0,72.0,83.9171203738,83.6192007786,83.9265174715,83.8230352111,84.2173775923
80.0,5.0,3.0,0.2,2.0,-2.0,0.6,0.5,460.0,100.0,72.0,83.0856588174,83.2867266798,83.5906552338,83.6287162014,84.2395331985
80.0,5.0,3.0,0.2,2.0,-2.0,0.6,0.5,470.0,100.0,72.0,83.1200315192,83.3824601879,84.2734095405,83.262353315,83.0586669427
80.0,5.0,3.0,0.2,2.0,-2.0,0.6,0.5,480.0,100.0,72.0,83.9498089048,82.5636682896,82.2078558403,83.1589536105,83.2956500315
80.0,5.0,3.0,0.2,2.0,-2.0,0.6,0.5,440.0,100.0,74.0,87.343526498,87.3899901147,86.9414848014,87.6846338919,87.0321590992
80.0,5.0,3.0,0.2,2.0,-2.0,0.6,0.5,450.0,100.0,74.0,87.5874827646,86.9406878366,86.6825137469,86.9408570078,86.8867714255
80.0,5.0,3.0,0.2,2.0,-2.0,0.6,0.5,460.0,100.0,74.0,87.3863319852,86.9467995561,86.8609301798,86.6691903945,86.5418699146
80.0,5.0,3.0,0.2,2.0,-2.0,0.6,0.5,470.0,100.0,74.0,86.3531529792,85.9486518719,86.4628488274,87.4439002126,86.9327278861
80.0,5.0,3.0,0.2,2.0,-2.0,0.6,0.5,480.0,100.0,74.0,86.741796234,86.670557701,86.4529235369,86.5839385156,86.3843021175
80.0,5.0,3.0,0.2,2.0,-2.0,0.6,0.5,440.0,100.0,76.0,90.5900028808,90.2436304505,89.9086199234,89.9902862432,89.8848688034
80.0,5.0,3.0,0.2,2.0,-2.0,0.6,0.5,450.0,100.0,76.0,89.7188805833,89.6594911886,89.4187670973,90.3075708305,90.0095473836
80.0,5.0,3.0,0.2,2.0,-2.0,0.6,0.5,460.0,100.0,76.0,89.9983858442,89.7557689443,89.2347449152,90.2810404302,89.2171392518
80.0,5.0,3.0,0.2,2.0,-2.0,0.6,0.5,470.0,100.0,76.0,89.1735479329,89.0698621348,89.306958295,89.1534153026,89.1132743755
80.0,5.0,3.0,0.2,2.0,-2.0,0.6,0.5,480.0,100.0,76.0,89.531400009,88.9271709633,89.0720742609,89.1392556332,89.2711286942
80.0,5.0,3.0,0.2,2.0,-2.0,0.6,0.5,440.0,100.0,78.0,92.0359282355,92.0401326203,92.1392036002,92.0855090559,91.8655238035
80.0,5.0,3.0,0.2,2.0,-2.0,0.6,0.5,450.0,100.0,78.0,92.2088658867,91.3774068698,91.8261310137,91.9766753367,92.1507518718
80.0,5.0,3.0,0.2,2.0,-2.0,0.6,0.5,460.0,100.0,78.0,91.7165892566,91.8712230086,90.8639558056,91.4625978976,91.5325029689
80.0,5.0,3.0,0.2,2.0,-2.0,0.6,0.5,470.0,100.0,78.0,91.2581089009,91.704157467,91.8442791052,91.1736563168,91.3307370007
80.0,5.0,3.0,0.2,2.0,-2.0,0.6,0.5,480.0,100.0,78.0,90.8424751512,91.5127570965,91.0582910726,91.5758769053,90.8339661946
80.0,5.0,3.0,0.2,2.0,-2.0,0.6,0.5,440.0,100.0,80.0,93.6377105032,93.720171898,93.374296747,93.5419257,93.7707515447
80.0,5.0,3.0,0.2,2.0,-2.0,0.6,0.5,450.0,100.0,80.0,93.5093984995,93.3963698598,93.9894660731,94.0555080393,93.3179598404
80.0,5.0,3.0,0.2,2.0,-2.0,0.6,0.5,460.0,100.0,80.0,93.3433408773,93.6131184351,93.3378932273,93.6963906639,93.4945587497
80.0,5.0,3.0,0.2,2.0,-2.0,0.6,0.5,470.0,100.0,80.0,93.1716635093,93.3558968994,93.0833544608,93.0907363186,93.2379657302
80.0,5.0,3.0,0.2,2.0,-2.0,0.6,0.5,480.0,100.0,80.0,93.3665890739,93.0894701136,92.6982338474,93.5964787172,93.320096053
80.0,5.0,4.0,0.2,2.0,-2.0,0.6,0.5,440.0,100.0,70.0,94.9516547396,94.8727486277,95.4788778288,95.0638533031,95.0123383432
80.0,5.0,4.0,0.2,2.0,-2.0,0.6,0.5,450.0,100.0,70.0,95.0352873587,94.9896460008,95.1401471105,95.1342202505,95.1742013681
80.0,5.0,4.0,0.2,2.0,-2.0,0.6,0.5,460.0,100.0,70.0,95.0287941677,94.9288264062,94.7338026987,94.7543085256,95.1850602046
80.0,5.0,4.0,0.2,2.0,-2.0,0.6,0.5,470.0,100.0,70.0,95.1327799575,95.0132637982,94.8182255836,94.924882252,95.172708352
80.0,5.0,4.0,0.2,2.0,-2.0,0.6,0.5,480.0,100.0,70.0,95.0388513936,94.6303244729,94.7696940418,94.8402382027,94.6694855002
80.0,5.0,4.0,0.2,2.0,-2.0,0.6,0.5,440.0,100.0,72.0,96.213871007,96.3401000417,96.5328729185,96.1662060484,96.1828330066
80.0,5.0,4.0,0.2,2.0,-2.0,0.6,0.5,450.0,100.0,72.0,96.2036424539,96.3289167446,96.302401387,96.0380004513,96.3420309514
80.0,5.0,4.0,0.2,2.0,-2.0,0.6,0.5,460.0,100.0,72.0,96.0613863002,96.1066105299,96.2914626815,96.1447512114,96.3724169191
80.0,5.0,4.0,0.2,2.0,-2.0,0.6,0.5,470.0,100.0,72.0,96.1004620284,96.2186506553,96.0945638325,95.7592284095,95.9699496149
80.0,5.0,4.0,0.2,2.0,-2.0,0.6,0.5,480.0,100.0,72.0,96.0405165929,96.0643214141,95.9806757384,95.9617842707,95.9474335534
80.0,5.0,4.0,0.2,2.0,-2.0,0.6,0.5,440.0,100.0,74.0,97.489133916,97.3125607045,97.0711691028,97.2241731633,97.2909575692
80.0,5.0,4.0,0.2,2.0,-2.0,0.6,0.5,450.0,100.0,74.0,97.1734051134,97.0819126283,97.4037324327,97.2758361756,97.1729338832
80.0,5.0,4.0,0.2,2.0,-2.0,0.6,0.5,460.0,100.0,74.0,97.2296452327,97.1111873515,97.0186168322,97.0512355285,97.0176577326
80.0,5.0,4.0,0.2,2.0,-2.0,0.6,0.5,470.0,100.0,74.0,97.1177566269,97.0304099256,97.1652257701,97.2776990807,96.9806959771
80.0,5.0,4.0,0.2,2.0,-2.0,0.6,0.5,480.0,100.0,74.0,97.1398730169,96.924630796,96.9204395588,96.9571688487,97.1545446026
80.0,5.0,4.0,0.2,2.0,-2.0,0.6,0.5,440.0,100.0,76.0,98.0570585591,97.9003952093,97.8688832391,97.8231361984,97.8379616491
80.0,5.0,4.0,0.2,2.0,-2.0,0.6,0.5,450.0,100.0,76.0,98.0171155413,97.899976009,97.8135530661,97.67941366,98.076374561
80.0,5.0,4.0,0.2,2.0,-2.0,0.6,0.5,460.0,100.0,76.0,97.748760855,97.6971138037,97.7789167435,97.8885194717,97.8287396662
80.0,5.0,4.0,0.2,2.0,-2.0,0.6,0.5,470.0,100.0,76.0,97.8059973647,97.7336532196,97.7814757114,97.9499684091,97.8646643635
80.0,5.0,4.0,0.2,2.0,-2.0,0.6,0.5,480.0,100.0,76.0,97.8203634036,97.8842866313,97.7474554189,97.5828352616,97.6565094895
80.0,5.0,4.0,0.2,2.0,-2.0,0.6,0.5,440.0,100.0,78.0,98.5352079879,98.5279001371,98.41039164,98.4376059081,98.3672822613
80.0,5.0,4.0,0.2,2.0,-2.0,0.6,0.5,450.0,100.0,78.0,98.3387030205,98.4406707894,98.398732177,98.4880778117,98.3911488187
80.0,5.0,4.0,0.2,2.0,-2.0,0.6,0.5,460.0,100.0,78.0,98.4505064333,98.2104011066,98.4429878469,98.492350432,98.4754044873
80.0,5.0,4.0,0.2,2.0,-2.0,0.6,0.5,470.0,100.0,78.0,98.4229451152,98.3939276579,98.2937558915,98.2129573676,98.3599975891
80.0,5.0,4.0,0.2,2.0,-2.0,0.6,0.5,480.0,100.0,78.0,98.3988009143,98.2598653717,98.1863583789,98.3382896628,98.3794705539
80.0,5.0,4.0,0.2,2.0,-2.0,0.6,0.5,440.0,100.0,80.0,98.8153197361,98.8548670611,98.8086994628,98.8123984348,98.7956633963
80.0,5.0,4.0,0.2,2.0,-2.0,0.6,0.5,450.0,100.0,80.0,98.8366324225,98.7808482273,98.7448310099,98.8196354139,98.7751549172
80.0,5.0,4.0,0.2,2.0,-2.0,0.6,0.5,460.0,100.0,80.0,98.7582801132,98.8587999608,98.7787348126,98.8446592193,98.7586891152
80.0,5.0,4.0,0.2,2.0,-2.0,0.6,0.5,470.0,100.0,80.0,98.7947983586,98.6935289353,98.6623800384,98.7463305211,98.7439828462
80.0,5.0,4.0,0.2,2.0,-2.0,0.6,0.5,480.0,100.0,80.0,98.7320197468,98.7245892958,98.7392699484,98.7416047965,98.81408294
80.0,5.0,2.0,0.2,2.0,-1.5,0.6,0.5,440.0,100.0,70.0,41.692447596,42.0643747063,39.8455476788,40.3790072066,39.8469285114
80.0,5.0,2.0,0.2,2.0,-1.5,0.6,0.5,450.0,100.0,70.0,38.2273017896,39.3601636133,39.126231785,39.8041593763,38.5838381075
80.0,5.0,2.0,0.2,2.0,-1.5,0.6,0.5,460.0,100.0,70.0,38.5183976639,38.4168567616,36.7345157602,40.5666466978,40.095188892
80.0,5.0,2.0,0.2,2.0,-1.5,0.6,0.5,470.0,100.0,70.0,38.4765253936,39.8889073953,38.0196939858,37.5986328701,39.6009988461
80.0,5.0,2.0,0.2,2.0,-1.5,0.6,0.5,480.0,100.0,70.0,38.0596400445,38.4431348267,38.1850291336,40.2610807752,36.4657512359
80.0,5.0,2.0,0.2,2.0,-1.5,0.6,0.5,440.0,100.0,72.0,48.4107591922,48.4429439765,48.1424245661,47.9302642906,47.6641055816
80.0,5.0,2.0,0.2,2.0,-1.5,0.6,0.5,450.0,100.0,72.0,46.0129147189,46.482955426,46.103405594,45.7013688276,48.6957241713
80.0,5.0,2.0,0.2,2.0,-1.5,0.6,0.5,460.0,100.0,72.0,46.8992283046,45.7215450214,45.9439397025,46.9258999693,46.2732271918
80.0,5.0,2.0,0.2,2.0,-1.5,0.6,0.5,470.0,100.0,72.0,47.3821103728,47.0123964382,44.8238545091,44.5718145799,45.464234996
80.0,5.0,2.0,0.2,2.0,-1.5,0.6,0.5,480.0,100.0,72.0,44.3176702658,44.6719368981,45.1166949358,44.253240529,44.5110836401
80.0,5.0,2.0,0.2,2.0,-1.5,0.6,0.5,440.0,100.0,74.0,55.6205626405,54.6164585935,55.0217194076,53.9192962908,54.1301796416
80.0,5.0,2.0,0.2,2.0,-1.5,0.6,0.5,450.0,100.0,74.0,53.6150627005,52.5280448481,52.6873212671,52.8147592322,53.8697517354
80.0,5.0,2.0,0.2,2.0,-1.5,0.6,0.5,460.0,100.0,74.0,54.3796855703,53.7203485511,51.9069461735,49.8526462698,52.7454643508
80.0,5.0,2.0,0.2,2.0,-1.5,0.6,0.5,470.0,100.0,74.0,52.8190424435,50.8716476359,51.7159409974,50.9331846494,50.2248694207
80.0,5.0,2.0,0.2,2.0,-1.5,0.6,0.5,480.0,100.0,74.0,49.2625706106,51.4246299702,51.5876887419,52.9082863909,52.8768453055
80.0,5.0,2.0,0.2,2.0,-1.5,0.6,0.5,440.0,100.0,76.0,59.1866970282,59.1306523219,58.5671895479,57.8465331122,63.7605218057
80.0,5.0,2.0,0.2,2.0,-1.5,0.6,0.5,450.0,100.0,76.0,60.9466639601,59.5922860161,59.6598679799,60.1537461732,59.3980913116
80.0,5.0,2.0,0.2,2.0,-1.5,0.6,0.5,460.0,100.0,76.0,57.4759975751,60.0890162032,59.4506722443,60.3035759212,59.0129507089
80.0,5.0,2.0,0.2,2.0,-1.5,0.6,0.5,470.0,100.0,76.0,56.6108972893,57.6869878186,57.1238830553,55.9266031273,59.1517915455
80.0,5.0,2.0,0.2,2.0,-1.5,0.6,0.5,480.0,100.0,76.0,58.4970477659,56.9734797013,56.8974761638,58.3726113347,59.3934548081
80.0,5.0,2.0,0.2,2.0,-1.5,0.6,0.5,440.0,100.0,78.0,65.2698457829,65.7549103534,67.9848456443,67.7763621035,65.4034894885
80.0,5.0,2.0,0.2,2.0,-1.5,0.6,0.5,450.0,100.0,78.0,67.6762783878,67.8591346886,67.3714613195,66.0694747575,65.0859102668
80.0,5.0,2.0,0.2,2.0,-1.5,0.6,0.5,460.0,100.0,78.0,64.7302036678,62.6411818899,65.8641076966,63.2747210911,64.3921801758
80.0,5.0,2.0,0.2,2.0,-1.5,0.6,0.5,470.0,100.0,78.0,64.9887325295,65.361993266,65.2437375764,64.7614530194,62.8565522106
80.0,5.0,2.0,0.2,2.0,-1.5,0.6,0.5,480.0,100.0,78.0,61.4765240868,61.1887670099,62.9623474974,61.9061255104,62.6259649533
80.0,5.0,2.0,0.2,2.0,-1.5,0.6,0.5,440.0,100.0,80.0,72.1832664155,71.1248852928,72.365297909,71.7697214388,69.7177737738
80.0,5.0,2.0,0.2,2.0,-1.5,0.6,0.5,450.0,100.0,80.0,72.2036369259,69.6788728336,70.6172266938,70.1167163524,70.6762910534
80.0,5.0,2.0,0.2,2.0,-1.5,0.6,0.5,460.0,100.0,80.0,70.2644599114,71.4662763453,69.8323696423,68.9358763926,67.7996020351
80.0,5.0,2.0,0.2,2.0,-1.5,0.6,0.5,470.0,100.0,80.0,68.967013702,69.6913313892,69.5353257216,70.2826330921,70.4057531701
80.0,5.0,2.0,0.2,2.0,-1.5,0.6,0.5,480.0,100.0,80.0,69.0382238167,68.9434349597,69.1856089242,68.8640149659,70.0714026061
80.0,5.0,3.0,0.2,2.0,-1.5,0.6,0.5,440.0,100.0,70.0,81.2081626522,82.0525961289,81.5620228814,80.7718785289,80.7175062356
80.0,5.0,3.0,0.2,2.0,-1.5,0.6,0.5,450.0,100.0,70.0,80.3984177773,81.8117382112,80.7296682109,81.3157984111,80.6227159313
80.0,5.0,3.0,0.2,2.0,-1.5,0.6,0.5,460.0,100.0,70.0,80.3594548936,81.1364550039,80.2922572624,81.1038931423,79.4990647635
80.0,5.0,3.0,0.2,2.0,-1.5,0.6,0.5,470.0,100.0,70.0,80.4883674841,80.2459395634,79.8859156099,79.7589876686,80.0094079579
80.0,5.0,3.0,0.2,2.0,-1.5,0.6,0.5,480.0,100.0,70.0,79.4917457393,78.4368030121,80.3639624926,78.364353417,79.6180918106
80.0,5.0,3.0,0.2,2.0,-1.5,0.6,0.5,440.0,100.0,72.0,84.9101482459,84.9804688306,84.8095207517,85.034192266,84.0360854161
80.0,5.0,3.0,0.2,2.0,-1.5,0.6,0.5,450.0,100.0,72.0,84.5882304041,84.6312275654,85.0058924318,84.4230022128,85.3856604776
80.0,5.0,3.0,0.2,2.0,-1.5,0.6,0.5,460.0,100.0,72.0,84.2221784455,83.7172461802,83.6877372428,83.5272648348,84.2338888094
80.0,5.0,3.0,0.2,2.0,-1.5,0.6,0.5,470.0,100.0,72.0,83.3027991705,83.8007658419,83.703391589,84.2467831147,84.5823346654
80.0,5.0,3.0,0.2,2.0,-1.5,0.6,0.5,480.0,100.0,72.0,83.6046630667,84.0824840067,83.6446666896,82.8949051901,83.427702351
80.0,5.0,3.0,0.2,2.0,-1.5,0.6,0.5,440.0,100.0,74.0,87.9386790367,87.4157449817,88.1721860413,88.0606130661,88.0097775064
80.0,5.0,3.0,0.2,2.0,-1.5,0.6,0.5,450.0,100.0,74.0,87.9893406658,87.6660606749,87.6639765767,87.5820838733,88.2388737651
80.0,5.0,3.0,0.2,2.0,-1.5,0.6,0.5,460.0,100.0,74.0,87.7890986887,86.8805849494,87.560644837,87.2648965921,88.4143219374
80.0,5.0,3.0,0.2,2.0,-1.5,0.6,0.5,470.0,100.0,74.0,87.8206476331,87.7210060119,86.6068925155,87.6331069301,87.5116484438
80.0,5.0,3.0,0.2,2.0,-1.5,0.6,0.5,480.0,100.0,74.0,87.1301055566,86.7802199082,86.6933586883,86.3747818882,87.1198941962
80.0,5.0,3.0,0.2,2.0,-1.5,0.6,0.5,440.0,100.0,76.0,89.9895171881,90.7061877898,89.9781445441,90.5896291753,90.8852120499
80.0,5.0,3.0,0.2,2.0,-1.5,0.6,0.5,450.0,100.0,76.0,90.7916312062,90.4832466425,89.9289553049,90.6857729379,90.1374760651
80.0,5.0,3.0,0.2,2.0,-1.5,0.6,0.5,460.0,100.0,76.0,90.3089759265,90.3441210826,90.532852193,90.0713113509,90.4246527881
80.0,5.0,3.0,0.2,2.0,-1.5,0.6,0.5,470.0,100.0,76.0,90.0731434362,89.7489048956,90.024715222,90.0806246342,89.1680759908
80.0,5.0,3.0,0.2,2.0,-1.5,0.6,0.5,480.0,100.0,76.0,90.0850347365,89.9063191013,90.1720501639,90.3005410111,89.7412278638
80.0,5.0,3.0,0.2,2.0,-1.5,0.6,0.5,440.0,100.0,78.0,92.290201676,92.4183764067,92.5171543009,92.2462937538,92.4640280395
80.0,5.0,3.0,0.2,2.0,-1.5,0.6,0.5,450.0,100.0,78.0,93.0613383672,92.6299120064,92.4505847995,92.3703574331,92.4227146914
80.0,5.0,3.0,0.2,2.0,-1.5,0.6,0.5,460.0,100.0,78.0,92.1092683963,92.0486834481,91.7684356659,91.8005293375,92.1362021543
80.0,5.0,3.0,0.2,2.0,-1.5,0.6,0.5,470.0,100.0,78.0,91.4600361383,92.1837684137,91.6908853572,92.0369216098,92.4165048142
80.0,5.0,3.0,0.2,2.0,-1.5,0.6,0.5,480.0,100.0,78.0,92.0842254946,91.9071280978,91.560652295,91.9175280283,91.4326236234
80.0,5.0,3.0,0.2,2.0,-1.5,0.6,0.5,440.0,100.0,80.0,93.8425142535,94.3557960285,94.4821665126,94.0504217739,94.1524106126
80.0,5.0,3.0,0.2,2.0,-1.5,0.6,0.5,450.0,100.0,80.0,94.0282762148,94.0635924303,94.2157091453,93.6566563692,94.2708027762
80.0,5.0,3.0,0.2,2.0,-1.5,0.6,0.5,460.0,100.0,80.0,93.8644396305,93.7064055412,94.1141660108,94.0703007108,93.6383497856
80.0,5.0,3.0,0.2,2.0,-1.5,0.6,0.5,470.0,100.0,80.0,94.0091338953,93.4717305935,93.3960455862,93.2654712049,93.7057523384
80.0,5.0,3.0,0.2,2.0,-1.5,0.6,0.5,480.0,100.0,80.0,93.5084577051,93.8048035649,93.2635043535,93.3550744421,93.4503575103
80.0,5.0,4.0,0.2,2.0,-1.5,0.6,0.5,440.0,100.0,70.0,95.5143234247,95.2970576364,95.4425801035,95.5688576552,95.3456624176
80.0,5.0,4.0,0.2,2.0,-1.5,0.6,0.5,450.0,100.0,70.0,95.2198820067,95.4264170659,95.5566398072,95.2714745615,95.2690440232
80.0,5.0,4.0,0.2,2.0,-1.5,0.6,0.5,460.0,100.0,70.0,95.1277969621,95.2472109631,94.865249863,95.2976432719,95.0937583772
80.0,5.0,4.0,0.2,2.0,-1.5,0.6,0.5,470.0,100.0,70.0,95.0343296414,95.0844042916,95.4751603511,95.3507165479,95.3817412903
80.0,5.0,4.0,0.2,2.0,-1.5,0.6,0.5,480.0,100.0,70.0,95.3346417479,95.1538102262,94.7015627454,94.8081714664,94.9568213272
80.0,5.0,4.0,0.2,2.0,-1.5,0.6,0.5,440.0,100.0,72.0,96.6931933412,96.7000129684,96.4655870631,96.5785219459,96.5769107868
80.0,5.0,4.0,0.2,2.0,-1.5,0.6,0.5,450.0,100.0,72.0,96.5637243405,96.5718399324,96.4719920936,96.6500196938,96.3665047167
80.0,5.0,4.0,0.2,2.0,-1.5,0.6,0.5,460.0,100.0,72.0,96.6414085159,96.3315415037,96.5071693142,96.3653073094,96.2407606405
80.0,5.0,4.0,0.2,2.0,-1.5,0.6,0.5,470.0,100.0,72.0,96.1947481878,96.4146254647,96.3756775751,96.3395510034,96.1902925653
80.0,5.0,4.0,0.2,2.0,-1.5,0.6,0.5,480.0,100.0,72.0,96.1917199293,96.0365031005,96.3704021324,96.6153173078,96.1183009242
80.0,5.0,4.0,0.2,2.0,-1.5,0.6,0.5,440.0,100.0,74.0,97.1860234483,97.3884756524,97.3233895173,97.3947512448,97.3175446957
80.0,5.0,4.0,0.2,2.0,-1.5,0.6,0.5,450.0,100.0,74.0,97.4128066959,97.5425467529,97.489592265,97.5222321213,97.3098108917
80.0,5.0,4.0,0.2,2.0,-1.5,0.6,0.5,460.0,100.0,74.0,97.2258364235,97.3619383986,97.3388656297,97.2745703164,97.2631047084
80.0,5.0,4.0,0.2,2.0,-1.5,0.6,0.5,470.0,100.0,74.0,97.2986291736,97.3642726106,97.2952233529,97.2119291414,97.2011561267
80.0,5.0,4.0,0.2,2.0,-1.5,0.6,0.5,480.0,100.0,74.0,97.2695363034,97.3035107958,97.1360526327,97.0955304856,97.1590006912
80.0,5.0,4.0,0.2,2.0,-1.5,0.6,0.5,440.0,100.0,76.0,98.0896307739,98.0256395806,97.9474771269,98.0508468775,98.0785805388
80.0,5.0,4.0,0.2,2.0,-1.5,0.6,0.5,450.0,100.0,76.0,98.1464524387,97.9957376056,98.0633349887,98.0858613356,98.1286087574
80.0,5.0,4.0,0.2,2.0,-1.5,0.6,0.5,460.0,100.0,76.0,97.9361538883,97.9229203323,97.9827750144,97.877757166,97.9994986048
80.0,5.0,4.0,0.2,2.0,-1.5,0.6,0.5,470.0,100.0,76.0,97.913349961,97.9844251374,98.0465905424,97.9643606543,97.8518388627
80.0,5.0,4.0,0.2,2.0,-1.5,0.6,0.5,480.0,100.0,76.0,97.8099798198,97.7965156918,97.8891698814,97.690979782,97.9065112845
80.0,5.0,4.0,0.2,2.0,-1.5,0.6,0.5,440.0,100.0,78.0,98.645726738,98.5503642524,98.56419513,98.4368513019,98.576308898
80.0,5.0,4.0,0.2,2.0,-1.5,0.6,0.5,450.0,100.0,78.0,98.5184776289,98.4779450901,98.4938556623,98.5861444463,98.5771916022
80.0,5.0,4.0,0.2,2.0,-1.5,0.6,0.5,460.0,100.0,78.0,98.5263604081,98.4595270046,98.4604350177,98.4756576996,98.4360594934
80.0,5.0,4.0,0.2,2.0,-1.5,0.6,0.5,470.0,100.0,78.0,98.4082992854,98.481847663,98.3296928634,98.5012250839,98.5585325298
80.0,5.0,4.0,0.2,2.0,-1.5,0.6,0.5,480.0,100.0,78.0,98.4670158581,98.4910400012,98.4509242505,98.419706384,98.3814950029
80.0,5.0,4.0,0.2,2.0,-1.5,0.6,0.5,440.0,100.0,80.0,98.9045222422,98.8928395777,98.9652886392,98.913585851,98.9094036957
80.0,5.0,4.0,0.2,2.0,-1.5,0.6,0.5,450.0,100.0,80.0,98.8731060562,98.9553219831,98.9025061985,98.881387995,98.9243349552
80.0,5.0,4.0,0.2,2.0,-1.5,0.6,0.5,460.0,100.0,80.0,98.8478552851,98.9299561692,98.8192796735,98.8718074802,98.8824050489
80.0,5.0,4.0,0.2,2.0,-1.5,0.6,0.5,470.0,100.0,80.0,98.8758301231,98.8619284641,98.875807552,98.876907052,98.8980365799
80.0,5.0,4.0,0.2,2.0,-1.5,0.6,0.5,480.0,100.0,80.0,98.8832621526,98.8212264081,98.8396862018,98.8060827429,98.7722463431
80.0,5.0,2.0,0.2,2.0,-1.0,0.6,0.5,440.0,100.0,70.0,41.844845644,42.8826697778,41.6460527023,41.8617357076,41.5259923539
80.0,5.0,2.0,0.2,2.0,-1.0,0.6,0.5,450.0,100.0,70.0,41.9615646677,41.6747897337,43.8964933092,43.1982623049,41.9990998851
80.0,5.0,2.0,0.2,2.0,-1.0,0.6,0.5,460.0,100.0,70.0,39.4982027928,42.80096017,43.5054522771,40.3171226993,40.5637945389
80.0,5.0,2.0,0.2,2.0,-1.0,0.6,0.5,470.0,100.0,70.0,39.4490903233,40.7107526751,39.9617671089,41.7008799069,39.3227481924
80.0,5.0,2.0,0.2,2.0,-1.0,0.6,0.5,480.0,100.0,70.0,41.4816974885,38.403278024,38.7086088162,38.7883519463,40.3444995816
80.0,5.0,2.0,0.2,2.0,-1.0,0.6,0.5,440.0,100.0,72.0,47.0131935669,49.555359009,48.1856091622,51.0868290301,50.7113245077
80.0,5.0,2.0,0.2,2.0,-1.0,0.6,0.5,450.0,100.0,72.0,49.8461497594,47.9957181737,47.9878945503,47.6756390344,48.7347101348
80.0,5.0,2.0,0.2,2.0,-1.0,0.6,0.5,460.0,100.0,72.0,46.8799351189,47.1633699132,47.3054280617,47.3376629479,49.2709183433
80.0,5.0,2.0,0.2,2.0,-1.0,0.6,0.5,470.0,100.0,72.0,46.7722342565,44.8639213473,44.5438238971,44.9433598646,48.6321107124
80.0,5.0,2.0,0.2,2.0,-1.0,0.6,0.5,480.0,100.0,72.0,45.9372958081,48.201702133,46.8827648661,46.6856132783,43.2445661694
80.0,5.0,2.0,0.2,2.0,-1.0,0.6,0.5,440.0,100.0,74.0,55.8197174483,55.2495887156,56.8876803115,56.5942392266,55.9880914932
80.0,5.0,2.0,0.2,2.0,-1.0,0.6,0.5,450.0,100.0,74.0,54.8301461403,55.4947332691,55.5926441897,55.1939856813,54.4859184667
80.0,5.0,2.0,0.2,2.0,-1.0,0.6,0.5,460.0,100.0,74.0,55.1878977449,54.7173733792,54.2367936338,54.6000934174,54.4067893817
80.0,5.0,2.0,0.2,2.0,-1.0,0.6,0.5,470.0,100.0,74.0,53.0475294651,54.2340930427,53.5719862699,55.7013424691,52.568125551
80.0,5.0,2.0,0.2,2.0,-1.0,0.6,0.5,480.0,100.0,74.0,54.6763004779,52.784399681,51.7045929258,55.5042824911,53.0472374209
80.0,5.0,2.0,0.2,2.0,-1.0,0.6,0.5,440.0,100.0,76.0,62.6342976747,61.6056286949,60.9104546507,61.73823547,61.8110210965
80.0,5.0,2.0,0.2,2.0,-1.0,0.6,0.5,450.0,100.0,76.0,60.5891757987,60.5940118921,61.3459888325,61.2948493644,62.5111975855
80.0,5.0,2.0,0.2,2.0,-1.0,0.6,0.5,460.0,100.0,76.0,60.5751794257,59.4130660574,58.5495444157,59.6454732121,61.5089797729
80.0,5.0,2.0,0.2,2.0,-1.0,0.6,0.5,470.0,100.0,76.0,59.5152990779,60.7589977402,58.1347312936,59.0938700033,60.1755621452
80.0,5.0,2.0,0.2,2.0,-1.0,0.6,0.5,480.0,100.0,76.0,59.5551474408,59.1821491283,58.853801504,59.9616841087,60.7057064084
80.0,5.0,2.0,0.2,2.0,-1.0,0.6,0.5,440.0,100.0,78.0,67.4621849753,68.0075602531,67.9783135281,68.0518256188,66.6902639662
80.0,5.0,2.0,0.2,2.0,-1.0,0.6,0.5,450.0,100.0,78.0,66.2074649708,68.3374792498,67.4292969883,66.7578050586,67.8552412174
80.0,5.0,2.0,0.2,2.0,-1.0,0.6,0.5,460.0,100.0,78.0,66.1335978117,67.4930480139,66.9524356836,66.7194413831,67.2921556823
80.0,5.0,2.0,0.2,2.0,-1.0,0.6,0.5,470.0,100.0,78.0,66.9152998124,64.2215356388,66.1831694313,65.8936142908,64.595062885
80.0,5.0,2.0,0.2,2.0,-1.0,0.6,0.5,480.0,100.0,78.0,64.8982613518,65.7197065509,63.1243834905,66.0217994851,68.2190820445
80.0,5.0,2.0,0.2,2.0,-1.0,0.6,0.5,440.0,100.0,80.0,71.271344992,72.4836292373,71.7929647041,70.7783943339,72.0463130515
80.0,5.0,2.0,0.2,2.0,-1.0,0.6,0.5,450.0,100.0,80.0,72.1339741686,72.845812636,72.1917674801,71.1316261544,72.2794395641
80.0,5.0,2.0,0.2,2.0,-1.0,0.6,0.5,460.0,100.0,80.0,72.0432253025,70.3857570773,70.6830837045,72.5006391067,69.3639551021
80.0,5.0,2.0,0.2,2.0,-1.0,0.6,0.5,470.0,100.0,80.0,70.9768070501,71.8366556143,71.1199767724,70.6709278804,72.7521152064
80.0,5.0,2.0,0.2,2.0,-1.0,0.6,0.5,480.0,100.0,80.0,71.1782285456,71.5626999249,69.493011544,71.4943020541,70.5898589683
80.0,5.0,3.0,0.2,2.0,-1.0,0.6,0.5,440.0,100.0,70.0,82.4730165714,81.7697401663,81.8757930227,82.5246959443,81.4780683166
80.0,5.0,3.0,0.2,2.0,-1.0,0.6,0.5,450.0,100.0,70.0,80.7198628222,81.7050645346,81.8897011942,82.8666474394,82.3712005756
80.0,5.0,3.0,0.2,2.0,-1.0,0.6,0.5,460.0,100.0,70.0,80.879953041,80.9395525591,81.1094886633,81.1533154522,81.3144705938
80.0,5.0,3.0,0.2,2.0,-1.0,0.6,0.5,470.0,100.0,70.0,79.8494781174,81.2997338492,81.0749417797,81.5596236381,81.8305090798
80.0,5.0,3.0,0.2,2.0,-1.0,0.6,0.5,480.0,100.0,70.0,81.3227996043,80.9330551937,81.0890676279,80.0265590575,80.3285309534
80.0,5.0,3.0,0.2,2.0,-1.0,0.6,0.5,440.0,100.0,72.0,84.9473626753,86.2602230899,86.1080814139,85.8708556554,85.8624996408
80.0,5.0,3.0,0.2,2.0,-1.0,0.6,0.5,450.0,100.0,72.0,84.8662094353,85.892697279,85.5912592421,86.4517075421,85.5000752439
80.0,5.0,3.0,0.2,2.0,-1.0,0.6,0.5,460.0,100.0,72.0,85.7933149985,85.4453723441,85.0302194401,85.6044802377,84.5936483476
80.0,5.0,3.0,0.2,2.0,-1.0,0.6,0.5,470.0,100.0,72.0,84.9695623878,85.0283778321,84.6666492442,84.2724947978,84.8721223134
80.0,5.0,3.0,0.2,2.0,-1.0,0.6,0.5,480.0,100.0,72.0,84.3250118178,84.5191264023,84.7806405374,84.8998215444,83.8880211139
80.0,5.0,3.0,0.2,2.0,-1.0,0.6,0.5,440.0,100.0,74.0,89.0047875716,88.7600949357,89.0459498416,88.756737859,88.8127635681
80.0,5.0,3.0,0.2,2.0,-1.0,0.6,0.5,450.0,100.0,74.0,88.5908365694,87.859899659,87.5616636507,87.8517615721,87.990440637
80.0,5.0,3.0,0.2,2.0,-1.0,0.6,0.5,460.0,100.0,74.0,88.7260822194,87.9750914815,88.9465547102,88.1861775457,87.9438989847
80.0,5.0,3.0,0.2,2.0,-1.0,0.6,0.5,470.0,100.0,74.0,88.0614151391,88.144854082,88.2560649714,87.7869201703,88.2086804322
80.0,5.0,3.0,0.2,2.0,-1.0,0.6,0.5,480.0,100.0,74.0,87.1203762116,87.4706368628,86.9261819577,86.9285009191,88.1605457024
80.0,5.0,3.0,0.2,2.0,-1.0,0.6,0.5,440.0,100.0,76.0,91.0480277063,91.1449136994,90.7744942004,90.556802684,90.6693819013
80.0,5.0,3.0,0.2,2.0,-1.0,0.6,0.5,450.0,100.0,76.0,90.2541764589,90.7952665033,90.7311465988,90.4714026525,90.4573990046
80.0,5.0,3.0,0.2,2.0,-1.0,0.6,0.5,460.0,100.0,76.0,90.2096218643,90.5077101337,90.5277301676,90.9193596493,90.4027248566
80.0,5.0,3.0,0.2,2.0,-1.0,0.6,0.5,470.0,100.0,76.0,89.899505814,90.3859452663,90.6814601676,90.3491725017,89.9577849456
80.0,5.0,3.0,0.2,2.0,-1.0,0.6,0.5,480.0,100.0,76.0,89.799096935,90.1845184873,90.2675907276,90.2482208964,89.7176950298
80.0,5.0,3.0,0.2,2.0,-1.0,0.6,0.5,440.0,100.0,78.0,93.0029539353,92.6066732559,92.96911857,93.3579605299,93.1664105731
80.0,5.0,3.0,0.2,2.0,-1.0,0.6,0.5,450.0,100.0,78.0,92.7176412317,92.9310363882,93.0870787228,92.4411451653,92.992569956
80.0,5.0,3.0,0.2,2.0,-1.0,0.6,0.5,460.0,100.0,78.0,92.6634721868,92.7576764049,92.5713691567,92.8186697541,92.4928216625
80.0,5.0,3.0,0.2,2.0,-1.0,0.6,0.5,470.0,100.0,78.0,92.4554408167,92.2394140041,92.3851290133,92.7223378788,92.5313557971
80.0,5.0,3.0,0.2,2.0,-1.0,0.6,0.5,480.0,100.0,78.0,92.1269073397,93.2963390134,92.1776968576,92.1737563441,92.3146215878
80.0,5.0,3.0,0.2,2.0,-1.0,0.6,0.5,440.0,100.0,80.0,94.8039455563,94.2725335364,94.4775769022,94.5332585507,94.3187636807
80.0,5.0,3.0,0.2,2.0,-1.0,0.6,0.5,450.0,100.0,80.0,94.3166933255,94.4139225221,94.6280929076,94.475560759,94.0914602796
80.0,5.0,3.0,0.2,2.0,-1.0,0.6,0.5,460.0,100.0,80.0,94.5617895394,94.5456189973,94.0444970689,94.320137766,93.9557916834
80.0,5.0,3.0,0.2,2.0,-1.0,0.6,0.5,470.0,100.0,80.0,93.8522871772,94.1143817909,94.1189597763,94.2373046539,94.4166611613
80.0,5.0,3.0,0.2,2.0,-1.0,0.6,0.5,480.0,100.0,80.0,93.8114321997,93.7550848995,94.2241507691,94.1492854941,94.0230228166
80.0,5.0,4.0,0.2,2.0,-1.0,0.6,0.5,440.0,100.0,70.0,95.6198498856,95.5104418766,95.698119148,95.7415954353,95.478740904
80.0,5.0,4.0,0.2,2.0,-1.0,0.6,0.5,450.0,100.0,70.0,95.4919605093,95.804383186,95.5487361073,95.7901310253,95.5339004823
80.0,5.0,4.0,0.2,2.0,-1.0,0.6,0.5,460.0,100.0,70.0,95.757444168,95.4538042869,95.7172170902,95.8167993894,95.6241027408
80.0,5.0,4.0,0.2,2.0,-1.0,0.6,0.5,470.0,100.0,70.0,95.3225174999,95.3168245911,95.1868474137,95.2764399192,95.5498312247
80.0,5.0,4.0,0.2,2.0,-1.0,0.6,0.5,480.0,100.0,70.0,95.5615685932,95.3731181107,95.3313975215,95.4056891818,95.5079490416
80.0,5.0,4.0,0.2,2.0,-1.0,0.6,0.5,440.0,100.0,72.0,96.6727114993,96.7052292249,96.5915345162,96.706625365,96.8599442475
80.0,5.0,4.0,0.2,2.0,-1.0,0.6,0.5,450.0,100.0,72.0,96.6360044715,96.8036121342,96.6149373229,96.5121790295,96.7693424106
80.0,5.0,4.0,0.2,2.0,-1.0,0.6,0.5,460.0,100.0,72.0,96.663159846,96.6260924283,96.5149396194,96.6303716905,96.5599042948
80.0,5.0,4.0,0.2,2.0,-1.0,0.6,0.5,470.0,100.0,72.0,96.6097441149,96.564652198,96.4356019035,96.5641245876,96.4340940769
80.0,5.0,4.0,0.2,2.0,-1.0,0.6,0.5,480.0,100.0,72.0,96.5168385688,96.5627625129,96.5651681526,96.5624695063,96.6551950764
80.0,5.0,4.0,0.2,2.0,-1.0,0.6,0.5,440.0,100.0,74.0,97.6135949371,97.7526173788,97.575380606,97.5672490161,97.5267836793
80.0,5.0,4.0,0.2,2.0,-1.0,0.6,0.5,450.0,100.0,74.0,97.4612616921,97.6377535633,97.5352635154,97.5134864635,97.7311356472
80.0,5.0,4.0,0.2,2.0,-1.0,0.6,0.5,460.0,100.0,74.0,97.379313791,97.5347401049,97.5204723361,97.4156096849,97.6440698944
80.0,5.0,4.0,0.2,2.0,-1.0,0.6,0.5,470.0,100.0,74.0,97.4424147707,97.3690551256,97.4937595651,97.4407060147,97.4592099233
80.0,5.0,4.0,0.2,2.0,-1.0,0.6,0.5,480.0,100.0,74.0,97.4042450662,97.2798195967,97.4766846658,97.4955329312,97.4047716373
80.0,5.0,4.0,0.2,2.0,-1.0,0.6,0.5,440.0,100.0,76.0,98.007272775,98.2144907953,98.2063143879,98.2368590091,98.1933063507
80.0,5.0,4.0,0.2,2.0,-1.0,0.6,0.5,450.0,100.0,76.0,98.2333696093,98.04944934,98.2158344162,98.0878774052,98.0802530448
80.0,5.0,4.0,0.2,2.0,-1.0,0.6,0.5,460.0,100.0,76.0,98.0725350455,98.145202638,98.1732757818,98.0872668144,98.2660673796
80.0,5.0,4.0,0.2,2.0,-1.0,0.6,0.5,470.0,100.0,76.0,98.0417990865,97.9174769682,97.9751052887,98.1067580753,98.0238191729
80.0,5.0,4.0,0.2,2.0,-1.0,0.6,0.5,480.0,100.0,76.0,98.1076858697,98.0996022772,98.0350796757,97.9548868175,98.0841857103
80.0,5.0,4.0,0.2,2.0,-1.0,0.6,0.5,440.0,100.0,78.0,98.6274287962,98.6505932839,98.7129942459,98.5831179599,98.6495639531
80.0,5.0,4.0,0.2,2.0,-1.0,0.6,0.5,450.0,100.0,78.0,98.6541766873,98.602083126,98.6263861157,98.6036655052,98.5621351566
80.0,5.0,4.0,0.2,2.0,-1.0,0.6,0.5,460.0,100.0,78.0,98.6169457578,98.5514834567,98.5751624469,98.6275077671,98.5628732537
80.0,5.0,4.0,0.2,2.0,-1.0,0.6,0.5,470.0,100.0,78.0,98.5723339497,98.5498772074,98.4964955931,98.583407544,98.4752354318
80.0,5.0,4.0,0.2,2.0,-1.0,0.6,0.5,480.0,100.0,78.0,98.5562553797,98.5298960485,98.519608185,98.5653058065,98.5132522166
80.0,5.0,4.0,0.2,2.0,-1.0,0.6,0.5,440.0,100.0,80.0,98.9485006093,98.9406113044,98.9853709837,99.0146089721,99.0365942823
80.0,5.0,4.0,0.2,2.0,-1.0,0.6,0.5,450.0,100.0,80.0,98.9825124433,98.9568953358,98.9120314466,98.9708401662,98.9467430339
80.0,5.0,4.0,0.2,2.0,-1.0,0.6,0.5,460.0,100.0,80.0,98.8941037481,98.9962303176,98.9541816734,98.9256162457,98.8367281801
80.0,5.0,4.0,0.2,2.0,-1.0,0.6,0.5,470.0,100.0,80.0,98.9557541478,98.941637291,98.8817988656,98.976742172,98.9208101526
80.0,5.0,4.0,0.2,2.0,-1.0,0.6,0.5,480.0,100.0,80.0,98.9078569641,98.978392853,98.8729494727,98.9161914477,98.8647503862
80.0,5.0,2.0,0.2,2.0,-0.5,0.6,0.5,440.0,100.0,70.0,43.8162655581,42.9787542015,44.9120813883,42.4107265399,43.9684511705
80.0,5.0,2.0,0.2,2.0,-0.5,0.6,0.5,450.0,100.0,70.0,41.5936402036,44.7111137775,45.4224534676,44.3742365924,42.1870908481
80.0,5.0,2.0,0.2,2.0,-0.5,0.6,0.5,460.0,100.0,70.0,43.5023571414,43.8263712377,42.7869268615,41.7483842088,43.3762784728
80.0,5.0,2.0,0.2,2.0,-0.5,0.6,0.5,470.0,100.0,70.0,43.0055779227,42.2478335403,41.9056054964,38.7635720489,41.1292927172
80.0,5.0,2.0,0.2,2.0,-0.5,0.6,0.5,480.0,100.0,70.0,42.3737668863,40.4061821368,41.7515969184,40.6943498395,40.4585140262
80.0,5.0,2.0,0.2,2.0,-0.5,0.6,0.5,440.0,100.0,72.0,50.0425316779,51.3838393133,51.329469798,50.6285643681,51.5658159829
80.0,5.0,2.0,0.2,2.0,-0.5,0.6,0.5,450.0,100.0,72.0,51.2073248052,47.1205808577,50.5610650393,48.9919467685,50.6148908171
80.0,5.0,2.0,0.2,2.0,-0.5,0.6,0.5,460.0,100.0,72.0,50.5018854372,48.9840177087,48.682396666,46.3343090547,49.0982135395
80.0,5.0,2.0,0.2,2.0,-0.5,0.6,0.5,470.0,100.0,72.0,50.6135247635,47.8628726447,49.3254716545,49.6934746151,52.1869427463
80.0,5.0,2.0,0.2,2.0,-0.5,0.6,0.5,480.0,100.0,72.0,49.6398160793,47.161048192,50.4533719297,50.1846877893,48.2646035566
80.0,5.0,2.0,0.2,2.0,-0.5,0.6,0.5,440.0,100.0,74.0,59.3727706008,59.6517984483,57.0474221845,55.7861411291,57.121775106
80.0,5.0,2.0,0.2,2.0,-0.5,0.6,0.5,450.0,100.0,74.0,57.0703701981,57.1843511913,56.2356751798,54.9543687956,55.8109154036
80.0,5.0,2.0,0.2,2.0,-0.5,0.6,0.5,460.0,100.0,74.0,57.0257685879,54.981081801,54.0266974416,56.0087506139,56.2029081711
80.0,5.0,2.0,0.2,2.0,-0.5,0.6,0.5,470.0,100.0,74.0,55.0000981564,55.6046390275,54.4985920175,53.6032671676,55.0334179213
80.0,5.0,2.0,0.2,2.0,-0.5,0.6,0.5,480.0,100.0,74.0,56.2211517755,55.9299953102,53.9779100957,56.5181161052,54.5088014301
80.0,5.0,2.0,0.2,2.0,-0.5,0.6,0.5,440.0,100.0,76.0,63.7392440407,63.6471213526,64.0426672437,64.2425328138,64.0143307125
80.0,5.0,2.0,0.2,2.0,-0.5,0.6,0.5,450.0,100.0,76.0,63.2050735174,63.4815832777,64.6677231245,63.9219057111,62.782427363
80.0,5.0,2.0,0.2,2.0,-0.5,0.6,0.5,460.0,100.0,76.0,58.0810665511,61.5804131746,64.1658118583,61.5261201075,59.5543768839
80.0,5.0,2.0,0.2,2.0,-0.5,0.6,0.5,470.0,100.0,76.0,62.0962571036,63.7139010454,60.457805921,61.8369927159,61.9993561867
80.0,5.0,2.0,0.2,2.0,-0.5,0.6,0.5,480.0,100.0,76.0,61.5741613729,59.5050794242,63.7545505151,60.9282238466,61.3748338721
80.0,5.0,2.0,0.2,2.0,-0.5,0.6,0.5,440.0,100.0,78.0,68.2350366863,67.8052169312,68.8623310881,69.9528534656,67.4135658023
80.0,5.0,2.0,0.2,2.0,-0.5,0.6,0.5,450.0,100.0,78.0,70.0922478256,67.7199444169,68.1577328235,67.164740554,68.5791167294
80.0,5.0,2.0,0.2,2.0,-0.5,0.6,0.5,460.0,100.0,78.0,66.8303807296,67.991111749,70.0117425889,68.6958192264,66.2543588576
80.0,5.0,2.0,0.2,2.0,-0.5,0.6,0.5,470.0,100.0,78.0,67.4262908548,66.9929242929,67.2596160777,69.3646359158,66.3785036784
80.0,5.0,2.0,0.2,2.0,-0.5,0.6,0.5,480.0,100.0,78.0,66.8662985206,66.5481818226,66.3865319263,66.5302404522,66.4446124005
80.0,5.0,2.0,0.2,2.0,-0.5,0.6,0.5,440.0,100.0,80.0,73.7513051457,73.310175308,74.3409023564,74.4902029807,74.3593035613
80.0,5.0,2.0,0.2,2.0,-0.5,0.6,0.5,450.0,100.0,80.0,74.6658861977,73.4163398351,72.8019571755,73.3220286653,72.2017967204
80.0,5.0,2.0,0.2,2.0,-0.5,0.6,0.5,460.0,100.0,80.0,71.4994574775,70.6967743089,73.7032212741,71.5380352648,72.4284447214
80.0,5.0,2.0,0.2,2.0,-0.5,0.6,0.5,470.0,100.0,80.0,72.9061483974,73.1896521826,71.8786182267,71.9672989607,73.3595518658
80.0,5.0,2.0,0.2,2.0,-0.5,0.6,0.5,480.0,100.0,80.0,70.440180753,71.6962032834,71.0900651988,70.6791559548,70.2372839653
80.0,5.0,3.0,0.2,2.0,-0.5,0.6,0.5,440.0,100.0,70.0,83.6106288053,82.8604037083,82.4992178284,81.7762291038,83.1968456817
80.0,5.0,3.0,0.2,2.0,-0.5,0.6,0.5,450.0,100.0,70.0,82.6755049616,83.1407250301,81.9688761807,82.5331845757,82.3335024727
80.0,5.0,3.0,0.2,2.0,-0.5,0.6,0.5,460.0,100.0,70.0,82.9695801654,82.5218870506,82.5395883877,81.439905422,82.0182602565
80.0,5.0,3.0,0.2,2.0,-0.5,0.6,0.5,470.0,100.0,70.0,81.9243875046,82.4275266797,82.5970604315,81.1286249531,81.7608640283
80.0,5.0,3.0,0.2,2.0,-0.5,0.6,0.5,480.0,100.0,70.0,81.8954740056,81.3458332671,81.1803328032,82.226908622,81.5314000277
80.0,5.0,3.0,0.2,2.0,-0.5,0.6,0.5,440.0,100.0,72.0,86.5444475825,86.6038233542,86.294137238,86.4925495191,86.6274366753
80.0,5.0,3.0,0.2,2.0,-0.5,0.6,0.5,450.0,100.0,72.0,87.0963615078,86.0357628267,86.7081746379,85.701869156,86.3729206063
80.0,5.0,3.0,0.2,2.0,-0.5,0.6,0.5,460.0,100.0,72.0,85.4129240258,85.2977872491,84.9910277298,86.0546173978,85.4138110942
80.0,5.0,3.0,0.2,2.0,-0.5,0.6,0.5,470.0,100.0,72.0,85.0105566237,85.5788736223,84.864623223,85.8757115217,85.3121851626
80.0,5.0,3.0,0.2,2.0,-0.5,0.6,0.5,480.0,100.0,72.0,84.8106331496,85.3150162166,84.9380527732,85.285877505,85.6837847422
80.0,5.0,3.0,0.2,2.0,-0.5,0.6,0.5,440.0,100.0,74.0,89.0359845518,89.7520969396,89.6811074172,89.4694542957,88.8826425322
80.0,5.0,3.0,0.2,2.0,-0.5,0.6,0.5,450.0,100.0,74.0,89.2177080339,88.4631113211,88.7211895961,88.6453270707,89.2082858183
80.0,5.0,3.0,0.2,2.0,-0.5,0.6,0.5,460.0,100.0,74.0,88.7839603632,89.1913175393,88.6164402099,88.75286152,88.7469331152
80.0,5.0,3.0,0.2,2.0,-0.5,0.6,0.5,470.0,100.0,74.0,87.9206557092,88.4299836199,88.7662171387,88.7663115213,88.5488168518
80.0,5.0,3.0,0.2,2.0,-0.5,0.6,0.5,480.0,100.0,74.0,88.3074300469,88.2197180471,88.4469336709,88.622570407,87.6779193284
80.0,5.0,3.0,0.2,2.0,-0.5,0.6,0.5,440.0,100.0,76.0,90.9511643875,91.846797001,91.2785536395,91.4125368805,92.0526378845
80.0,5.0,3.0,0.2,2.0,-0.5,0.6,0.5,450.0,100.0,76.0,91.484236628,91.1060655691,91.0586771675,91.4296267996,90.6614049173
80.0,5.0,3.0,0.2,2.0,-0.5,0.6,0.5,460.0,100.0,76.0,91.2076451346,90.4991688407,90.7525642393,91.4012194273,90.9678886576
80.0,5.0,3.0,0.2,2.0,-0.5,0.6,0.5,470.0,100.0,76.0,90.7336932981,90.9176989148,90.7543176016,89.9310624624,90.7824010655
80.0,5.0,3.0,0.2,2.0,-0.5,0.6,0.5,480.0,100.0,76.0,90.5516065661,90.9107273114,90.9920735264,90.3633803465,91.4337616584
80.0,5.0,3.0,0.2,2.0,-0.5,0.6,0.5,440.0,100.0,78.0,92.9868457041,93.1448332946,93.1719842934,92.96477884,93.1259919478
80.0,5.0,3.0,0.2,2.0,-0.5,0.6,0.5,450.0,100.0,78.0,93.191471406,93.0429584181,93.3028760618,93.5879743073,93.20145722
80.0,5.0,3.0,0.2,2.0,-0.5,0.6,0.5,460.0,100.0,78.0,93.1505145333,93.1800933362,93.0371480957,93.0179374254,92.7235104305
80.0,5.0,3.0,0.2,2.0,-0.5,0.6,0.5,470.0,100.0,78.0,93.3464140443,92.8257207487,92.4374096251,92.9526134077,92.7942504158
80.0,5.0,3.0,0.2,2.0,-0.5,0.6,0.5,480.0,100.0,78.0,93.1193349045,93.0750271382,92.4308534713,92.4027231268,92.9109171936
80.0,5.0,3.0,0.2,2.0,-0.5,0.6,0.5,440.0,100.0,80.0,94.84674595,94.5721073251,94.7062504003,94.647156141,94.8202177266
80.0,5.0,3.0,0.2,2.0,-0.5,0.6,0.5,450.0,100.0,80.0,94.7979347014,94.8668839344,94.6993535595,94.7327949446,94.5556817847
80.0,5.0,3.0,0.2,2.0,-0.5,0.6,0.5,460.0,100.0,80.0,94.636073437,94.539214011,94.7828656446,94.7438122177,94.3407709348
80.0,5.0,3.0,0.2,2.0,-0.5,0.6,0.5,470.0,100.0,80.0,94.2057106748,94.9603966912,94.4869148811,94.4642468402,94.5121112257
80.0,5.0,3.0,0.2,2.0,-0.5,0.6,0.5,480.0,100.0,80.0,94.1603953443,94.1288786269,94.5489831988,94.4562216687,94.1423016488
80.0,5.0,4.0,0.2,2.0,-0.5,0.6,0.5,440.0,100.0,70.0,95.9837090228,95.8707561842,95.9817335702,96.1106133773,95.793329965
80.0,5.0,4.0,0.2,2.0,-0.5,0.6,0.5,450.0,100.0,70.0,95.7193728676,95.8621607955,95.9818506901,95.9508486734,95.749900457
80.0,5.0,4.0,0.2,2.0,-0.5,0.6,0.5,460.0,100.0,70.0,95.843879464,95.7228794861,95.7895174791,95.8037460094,95.7780879348
80.0,5.0,4.0,0.2,2.0,-0.5,0.6,0.5,470.0,100.0,70.0,95.5740793371,95.6489751064,95.8602470269,96.0151881868,95.4691677495
80.0,5.0,4.0,0.2,2.0,-0.5,0.6,0.5,480.0,100.0,70.0,95.3277527991,95.4793155341,95.485891729,95.2515241464,95.6991980859
80.0,5.0,4.0,0.2,2.0,-0.5,0.6,0.5,440.0,100.0,72.0,96.8904904744,97.1919821875,96.899700435,97.2247101628,96.904143978
80.0,5.0,4.0,0.2,2.0,-0.5,0.6,0.5,450.0,100.0,72.0,96.8233949468,97.0007105994,96.8743524836,96.9546562057,97.0329427697
80.0,5.0,4.0,0.2,2.0,-0.5,0.6,0.5,460.0,100.0,72.0,96.911984248,96.9421675667,96.7335319651,96.8201229624,96.7877939274
80.0,5.0,4.0,0.2,2.0,-0.5,0.6,0.5,470.0,100.0,72.0,96.8601605141,96.8444489687,96.6734250461,96.6969512317,96.5764839945
80.0,5.0,4.0,0.2,2.0,-0.5,0.6,0.5,480.0,100.0,72.0,96.6762419834,96.754082065,96.722135298,96.6765488761,96.6911730631
80.0,5.0,4.0,0.2,2.0,-0.5,0.6,0.5,440.0,100.0,74.0,97.7599678391,97.6841001545,97.8014403647,97.6047478633,97.8840034135
80.0,5.0,4.0,0.2,2.0,-0.5,0.6,0.5,450.0,100.0,74.0,97.7744918835,97.6673738573,97.6912224305,97.7133835408,97.7678206185
80.0,5.0,4.0,0.2,2.0,-0.5,0.6,0.5,460.0,100.0,74.0,97.7229312,97.6937177546,97.6363042816,97.6031934391,97.6311299198
80.0,5.0,4.0,0.2,2.0,-0.5,0.6,0.5,470.0,100.0,74.0,97.6590997094,97.6295458919,97.651671418,97.7325513107,97.4880780427
80.0,5.0,4.0,0.2,2.0,-0.5,0.6,0.5,480.0,100.0,74.0,97.5700321175,97.5057856418,97.5897565795,97.5193132734,97.5155706623
80.0,5.0,4.0,0.2,2.0,-0.5,0.6,0.5,440.0,100.0,76.0,98.3355839264,98.3572546445,98.2266475662,98.4399028754,98.2309170455
80.0,5.0,4.0,0.2,2.0,-0.5,0.6,0.5,450.0,100.0,76.0,98.1556055031,98.2590417337,98.2024174066,98.2827129614,98.3037078268
80.0,5.0,4.0,0.2,2.0,-0.5,0.6,0.5,460.0,100.0,76.0,98.2517612105,98.1757223343,98.2747003922,98.2328373687,98.1757557953
80.0,5.0,4.0,0.2,2.0,-0.5,0.6,0.5,470.0,100.0,76.0,98.2094505019,98.1658218888,98.2348189175,98.0344193223,98.1248629729
80.0,5.0,4.0,0.2,2.0,-0.5,0.6,0.5,480.0,100.0,76.0,98.1816847911,98.0636101673,98.133161356,98.1390374957,98.1681004933
80.0,5.0,4.0,0.2,2.0,-0.5,0.6,0.5,440.0,100.0,78.0,98.7391010517,98.731910863,98.7187918333,98.7863507637,98.7051985784
80.0,5.0,4.0,0.2,2.0,-0.5,0.6,0.5,450.0,100.0,78.0,98.7378407565,98.673421697,98.7904784402,98.6657908538,98.8440394924
80.0,5.0,4.0,0.2,2.0,-0.5,0.6,0.5,460.0,100.0,78.0,98.631435112,98.7184197408,98.6561564915,98.6510165775,98.6237397169
80.0,5.0,4.0,0.2,2.0,-0.5,0.6,0.5,470.0,100.0,78.0,98.5874505048,98.661827259,98.606574772,98.6303151151,98.6487370186
80.0,5.0,4.0,0.2,2.0,-0.5,0.6,0.5,480.0,100.0,78.0,98.5902551321,98.5343623428,98.5925218128,98.6537281004,98.6729150407
80.0,5.0,4.0,0.2,2.0,-0.5,0.6,0.5,440.0,100.0,80.0,99.07184765,99.0866342188,99.0698467687,99.097968036,99.066034173
80.0,5.0,4.0,0.2,2.0,-0.5,0.6,0.5,450.0,100.0,80.0,99.0386213931,99.0191771919,98.9810770842,99.0731200973,99.054498345
80.0,5.0,4.0,0.2,2.0,-0.5,0.6,0.5,460.0,100.0,80.0,99.0305695881,98.977591393,99.0393695543,99.0117993822,98.9957919923
80.0,5.0,4.0,0.2,2.0,-0.5,0.6,0.5,470.0,100.0,80.0,99.0519510491,98.9528910888,99.0306805472,98.9486092563,98.996418873
80.0,5.0,4.0,0.2,2.0,-0.5,0.6,0.5,480.0,100.0,80.0,99.0192384853,98.9816876743,98.966211179,98.9490459847,98.9730790174
80.0,5.0,2.0,0.2,2.0,0.0,0.6,0.5,440.0,100.0,70.0,45.6910777679,43.3952853591,48.1920172355,45.6045090386,45.1329830458
80.0,5.0,2.0,0.2,2.0,0.0,0.6,0.5,450.0,100.0,70.0,44.7642513168,45.0208901688,43.3405720701,46.3016037663,45.673112362
80.0,5.0,2.0,0.2,2.0,0.0,0.6,0.5,460.0,100.0,70.0,44.4140828344,45.9910218066,42.2401654879,44.299949224,43.625797591
80.0,5.0,2.0,0.2,2.0,0.0,0.6,0.5,470.0,100.0,70.0,44.5427029333,45.4367398257,41.5028999589,43.1969523909,42.3438304623
80.0,5.0,2.0,0.2,2.0,0.0,0.6,0.5,480.0,100.0,70.0,43.0197447268,42.1125725058,44.5217852418,44.9516328169,43.5132670095
80.0,5.0,2.0,0.2,2.0,0.0,0.6,0.5,440.0,100.0,72.0,53.8170758058,53.2990884709,50.5551985081,50.3434022054,52.3283795439
80.0,5.0,2.0,0.2,2.0,0.0,0.6,0.5,450.0,100.0,72.0,52.8213594229,52.2670285915,52.227531041,50.5387417355,51.0643824031
80.0,5.0,2.0,0.2,2.0,0.0,0.6,0.5,460.0,100.0,72.0,48.541669439,51.2656282143,49.7697108555,50.2953090553,49.7683540951
80.0,5.0,2.0,0.2,2.0,0.0,0.6,0.5,470.0,100.0,72.0,50.236358276,49.2221458752,51.23738423,51.0653364869,50.0735207851
80.0,5.0,2.0,0.2,2.0,0.0,0.6,0.5,480.0,100.0,72.0,50.8210622131,48.1263138674,51.1236940995,50.5069069551,50.1697379093
80.0,5.0,2.0,0.2,2.0,0.0,0.6,0.5,440.0,100.0,74.0,59.1163359378,59.0205313,59.7984399242,59.765174321,58.7519074062
80.0,5.0,2.0,0.2,2.0,0.0,0.6,0.5,450.0,100.0,74.0,59.2936393758,59.3508614184,59.4983445242,57.8777883275,58.0810326424
80.0,5.0,2.0,0.2,2.0,0.0,0.6,0.5,460.0,100.0,74.0,57.1965816532,57.0682950305,59.1537830638,57.077038343,58.6202081589
80.0,5.0,2.0,0.2,2.0,0.0,0.6,0.5,470.0,100.0,74.0,57.6256592647,56.3618116652,56.7554734569,57.9795296622,56.0230849415
80.0,5.0,2.0,0.2,2.0,0.0,0.6,0.5,480.0,100.0,74.0,58.9770798796,56.8761797426,56.114155546,55.2188500559,58.2497167451
80.0,5.0,2.0,0.2,2.0,0.0,0.6,0.5,440.0,100.0,76.0,65.4275454973,64.2406617496,65.3068215658,63.7130851337,66.1864794306
80.0,5.0,2.0,0.2,2.0,0.0,0.6,0.5,450.0,100.0,76.0,63.2030294728,65.991798926,63.1322100617,66.2060024751,64.013775905
80.0,5.0,2.0,0.2,2.0,0.0,0.6,0.5,460.0,100.0,76.0,62.104764231,64.2970915761,64.4219641333,65.1520511603,63.3403902476
80.0,5.0,2.0,0.2,2.0,0.0,0.6,0.5,470.0,100.0,76.0,63.5950627915,62.4776438929,62.4410292184,62.9421347537,64.1232519962
80.0,5.0,2.0,0.2,2.0,0.0,0.6,0.5,480.0,100.0,76.0,62.8399027701,63.6752595979,62.9044045024,62.432216829,61.3511513817
80.0,5.0,2.0,0.2,2.0,0.0,0.6,0.5,440.0,100.0,78.0,69.0412843825,70.6855158218,70.6750405758,69.9154492106,70.5094960814
80.0,5.0,2.0,0.2,2.0,0.0,0.6,0.5,450.0,100.0,78.0,68.6183568443,70.508032925,68.8560604692,68.9738277874,68.3375674746
80.0,5.0,2.0,0.2,2.0,0.0,0.6,0.5,460.0,100.0,78.0,68.3022335955,68.6721691776,69.7685224391,69.5656529036,70.1419804167
80.0,5.0,2.0,0.2,2.0,0.0,0.6,0.5,470.0,100.0,78.0,68.6986932727,69.1092297928,69.374473148,68.7177815964,67.5695858333
80.0,5.0,2.0,0.2,2.0,0.0,0.6,0.5,480.0,100.0,78.0,68.5403050105,68.7952602994,67.4776880432,67.4367122473,67.5901240371
80.0,5.0,2.0,0.2,2.0,0.0,0.6,0.5,440.0,100.0,80.0,75.3241048767,75.5111501623,75.8587099198,74.9198301277,75.1055866441
80.0,5.0,2.0,0.2,2.0,0.0,0.6,0.5,450.0,100.0,80.0,74.6200219451,74.0806594539,74.6451836024,73.4772737504,73.9164913535
80.0,5.0,2.0,0.2,2.0,0.0,0.6,0.5,460.0,100.0,80.0,73.0237669335,74.2696300163,72.6990699972,74.656745589,74.682922943
80.0,5.0,2.0,0.2,2.0,0.0,0.6,0.5,470.0,100.0,80.0,74.7079826618,73.4833660868,73.0511925424,74.5136840137,72.3755979664
80.0,5.0,2.0,0.2,2.0,0.0,0.6,0.5,480.0,100.0,80.0,73.5384758909,72.8234133232,74.0813061854,73.1967647708,73.7198237427
80.0,5.0,3.0,0.2,2.0,0.0,0.6,0.5,440.0,100.0,70.0,82.8060188207,84.4123677529,83.6539964922,83.1640471171,83.849340811
80.0,5.0,3.0,0.2,2.0,0.0,0.6,0.5,450.0,100.0,70.0,83.6564913363,83.9304660978,83.1280345708,83.5540321351,83.6611257968
80.0,5.0,3.0,0.2,2.0,0.0,0.6,0.5,460.0,100.0,70.0,83.125398082,82.6550322147,82.9755180112,82.565360773,82.9229276475
80.0,5.0,3.0,0.2,2.0,0.0,0.6,0.5,470.0,100.0,70.0,82.2780692193,82.3185318236,83.4709806318,82.5913717487,82.6459603724
80.0,5.0,3.0,0.2,2.0,0.0,0.6,0.5,480.0,100.0,70.0,82.4495718434,82.3199409638,82.6962528594,82.8395037,82.4382800099
80.0,5.0,3.0,0.2,2.0,0.0,0.6,0.5,440.0,100.0,72.0,86.7680947371,87.5112006265,87.7457094339,86.953200536,88.1965062695
80.0,5.0,3.0,0.2,2.0,0.0,0.6,0.5,450.0,100.0,72.0,86.904775456,86.8003892037,87.1865462278,87.6371663313,86.5729840605
80.0,5.0,3.0,0.2,2.0,0.0,0.6,0.5,460.0,100.0,72.0,85.6264028014,86.0548286553,86.018878327,87.0229007049,85.9178785449
80.0,5.0,3.0,0.2,2.0,0.0,0.6,0.5,470.0,100.0,72.0,85.7418560558,86.6473975402,86.3708303955,86.1730998382,86.1466120603
80.0,5.0,3.0,0.2,2.0,0.0,0.6,0.5,480.0,100.0,72.0,85.8291785208,86.5986044528,85.9965013021,85.5644341982,86.7751844571
80.0,5.0,3.0,0.2,2.0,0.0,0.6,0.5,440.0,100.0,74.0,89.4104692797,89.9570308186,89.9392543732,89.8900016981,90.2860003185
80.0,5.0,3.0,0.2,2.0,0.0,0.6,0.5,450.0,100.0,74.0,89.3108061327,89.6956076132,90.1968142265,90.0580841335,89.3563700876
80.0,5.0,3.0,0.2,2.0,0.0,0.6,0.5,460.0,100.0,74.0,89.7290685899,89.6892936869,88.9093444086,89.2165856447,89.9973008528
80.0,5.0,3.0,0.2,2.0,0.0,0.6,0.5,470.0,100.0,74.0,89.1846820575,89.002266636,89.326133321,89.1075456573,89.0808422675
80.0,5.0,3.0,0.2,2.0,0.0,0.6,0.5,480.0,100.0,74.0,89.4553230789,88.5732314646,88.4871069862,89.040091967,89.2656624218
80.0,5.0,3.0,0.2,2.0,0.0,0.6,0.5,440.0,100.0,76.0,91.642718027,91.9471144925,92.4266423924,92.3322370337,92.1389318461
80.0,5.0,3.0,0.2,2.0,0.0,0.6,0.5,450.0,100.0,76.0,91.7298498037,91.709073676,92.3327463691,91.5883739727,91.7181006074
80.0,5.0,3.0,0.2,2.0,0.0,0.6,0.5,460.0,100.0,76.0,91.6832443693,91.5918165192,91.879072111,91.4818575024,91.442216318
80.0,5.0,3.0,0.2,2.0,0.0,0.6,0.5,470.0,100.0,76.0,90.9916528174,90.8999102998,91.4644562521,91.4938660244,91.8029384049
80.0,5.0,3.0,0.2,2.0,0.0,0.6,0.5,480.0,100.0,76.0,91.1914774557,91.570788938,90.7671557289,91.8154064785,91.3446737309
80.0,5.0,3.0,0.2,2.0,0.0,0.6,0.5,440.0,100.0,78.0,93.576621414,93.515073087,93.9574680074,93.8766115086,93.7976116796
80.0,5.0,3.0,0.2,2.0,0.0,0.6,0.5,450.0,100.0,78.0,93.6193580904,93.9019789356,93.4535847141,93.7815739574,93.2407603315
80.0,5.0,3.0,0.2,2.0,0.0,0.6,0.5,460.0,100.0,78.0,94.0272264209,93.5092983128,93.5308387921,93.6137750667,93.0086799347
80.0,5.0,3.0,0.2,2.0,0.0,0.6,0.5,470.0,100.0,78.0,93.5712320721,93.2231416941,93.1040573013,93.3926734256,93.4747930886
80.0,5.0,3.0,0.2,2.0,0.0,0.6,0.5,480.0,100.0,78.0,93.1073547657,93.307275982,93.3567353618,92.9131223259,93.0004541799
80.0,5.0,3.0,0.2,2.0,0.0,0.6,0.5,440.0,100.0,80.0,95.1617788249,95.1786686028,95.326899075,95.316772303,94.9582955885
80.0,5.0,3.0,0.2,2.0,0.0,0.6,0.5,450.0,100.0,80.0,94.7472275013,95.1147029758,95.2154269448,94.9710411076,94.9606316004
80.0,5.0,3.0,0.2,2.0,0.0,0.6,0.5,460.0,100.0,80.0,94.6806818421,94.958312358,94.938413715,94.9318643772,94.6007490831
80.0,5.0,3.0,0.2,2.0,0.0,0.6,0.5,470.0,100.0,80.0,95.014965889,94.655733939,94.8451378738,94.2402310398,94.5771594774
80.0,5.0,3.0,0.2,2.0,0.0,0.6,0.5,480.0,100.0,80.0,95.0590638896,94.3079580722,94.5007611959,94.555931267,94.6483935698
80.0,5.0,4.0,0.2,2.0,0.0,0.6,0.5,440.0,100.0,70.0,96.1358871138,96.1542485994,96.1925976784,96.1807955133,96.0886322486
80.0,5.0,4.0,0.2,2.0,0.0,0.6,0.5,450.0,100.0,70.0,95.9883346944,96.2359698443,96.0272859732,96.0832522873,96.1273119708
80.0,5.0,4.0,0.2,2.0,0.0,0.6,0.5,460.0,100.0,70.0,95.9116894945,96.0482773629,96.0061571596,95.9633012493,96.0761596053
80.0,5.0,4.0,0.2,2.0,0.0,0.6,0.5,470.0,100.0,70.0,95.7347216296,95.7888663002,96.0370891418,96.014192222,96.0992391542
80.0,5.0,4.0,0.2,2.0,0.0,0.6,0.5,480.0,100.0,70.0,95.8124562337,95.9077269959,95.8193089882,95.7192421556,95.8679905297
80.0,5.0,4.0,0.2,2.0,0.0,0.6,0.5,440.0,100.0,72.0,97.2240011324,97.1310078176,97.1651441298,97.1759479371,97.1355776293
80.0,5.0,4.0,0.2,2.0,0.0,0.6,0.5,450.0,100.0,72.0,97.0266852829,96.9247681459,97.0334291875,97.2271909627,97.0966577473
80.0,5.0,4.0,0.2,2.0,0.0,0.6,0.5,460.0,100.0,72.0,97.076790777,96.9148571619,96.9959246588,96.9239691084,97.047730651
80.0,5.0,4.0,0.2,2.0,0.0,0.6,0.5,470.0,100.0,72.0,97.0694741429,97.0176079851,96.827874775,96.8545510985,96.743624582
80.0,5.0,4.0,0.2,2.0,0.0,0.6,0.5,480.0,100.0,72.0,96.971765602,96.9409330638,96.949368409,96.9338392182,96.9216050851
80.0,5.0,4.0,0.2,2.0,0.0,0.6,0.5,440.0,100.0,74.0,97.9562285682,97.9728939435,97.869076004,97.7967825253,97.9305836775
80.0,5.0,4.0,0.2,2.0,0.0,0.6,0.5,450.0,100.0,74.0,97.7494756496,97.8125938464,97.7737927486,97.9440845767,97.8040703852
80.0,5.0,4.0,0.2,2.0,0.0,0.6,0.5,460.0,100.0,74.0,97.6161071037,97.9342770921,97.7361495302,97.8857855074,97.8089284245
80.0,5.0,4.0,0.2,2.0,0.0,0.6,0.5,470.0,100.0,74.0,97.7083192962,97.7915217521,97.7710483161,97.7705194088,97.8291293296
80.0,5.0,4.0,0.2,2.0,0.0,0.6,0.5,480.0,100.0,74.0,97.7445747959,97.555678127,97.6600134029,97.7429804321,97.827606223
80.0,5.0,4.0,0.2,2.0,0.0,0.6,0.5,440.0,100.0,76.0,98.362640715,98.3806943239,98.37657871,98.4849719273,98.4688756394
80.0,5.0,4.0,0.2,2.0,0.0,0.6,0.5,450.0,100.0,76.0,98.2832202725,98.3513506228,98.3076237425,98.4437901573,98.3670416714
80.0,5.0,4.0,0.2,2.0,0.0,0.6,0.5,460.0,100.0,76.0,98.3095813288,98.3946769106,98.2921875923,98.398958904,98.3005299749
80.0,5.0,4.0,0.2,2.0,0.0,0.6,0.5,470.0,100.0,76.0,98.247057774,98.3550577539,98.2672831083,98.3136578764,98.2611504522
80.0,5.0,4.0,0.2,2.0,0.0,0.6,0.5,480.0,100.0,76.0,98.2126472358,98.3568236738,98.3134344113,98.2214075531,98.2385783504
80.0,5.0,4.0,0.2,2.0,0.0,0.6,0.5,440.0,100.0,78.0,98.8194330031,98.8190848592,98.8594718616,98.8578519056,98.7617692967
80.0,5.0,4.0,0.2,2.0,0.0,0.6,0.5,450.0,100.0,78.0,98.8467608759,98.8603196078,98.6731785778,98.8163738174,98.8654899184
80.0,5.0,4.0,0.2,2.0,0.0,0.6,0.5,460.0,100.0,78.0,98.8691057252,98.7964119452,98.8002619054,98.8148908278,98.807180519
80.0,5.0,4.0,0.2,2.0,0.0,0.6,0.5,470.0,100.0,78.0,98.7933904649,98.8045004966,98.7857834295,98.7223312882,98.72731573
80.0,5.0,4.0,0.2,2.0,0.0,0.6,0.5,480.0,100.0,78.0,98.7831536369,98.6625268319,98.7074196513,98.672947173,98.696630809
80.0,5.0,4.0,0.2,2.0,0.0,0.6,0.5,440.0,100.0,80.0,99.160978634,99.1060041583,99.1954736481,99.1178350715,99.1143225221
80.0,5.0,4.0,0.2,2.0,0.0,0.6,0.5,450.0,100.0,80.0,99.0446964423,99.1613024838,99.1057943622,99.1175759065,99.0674855464
80.0,5.0,4.0,0.2,2.0,0.0,0.6,0.5,460.0,100.0,80.0,99.0951597876,99.1419055191,99.0780780836,99.113245964,99.0481531934
80.0,5.0,4.0,0.2,2.0,0.0,0.6,0.5,470.0,100.0,80.0,99.0746206719,99.1138358847,99.0434838636,99.0823292885,98.9886965442
80.0,5.0,4.0,0.2,2.0,0.0,0.6,0.5,480.0,100.0,80.0,99.1019616056,99.0291053489,99.0577735107,99.0618286157,99.1253203372
80.0,5.0,2.0,0.2,2.0,0.5,0.6,0.5,440.0,100.0,70.0,47.756375805,48.4002962048,45.8318764249,47.9719519826,47.0587726581
80.0,5.0,2.0,0.2,2.0,0.5,0.6,0.5,450.0,100.0,70.0,47.5063403465,48.1299847665,46.3869880284,46.761993596,46.4044729159
80.0,5.0,2.0,0.2,2.0,0.5,0.6,0.5,460.0,100.0,70.0,45.6069235111,44.1557615447,46.8418946088,47.340389084,44.8128971474
80.0,5.0,2.0,0.2,2.0,0.5,0.6,0.5,470.0,100.0,70.0,44.4266941481,45.8298915066,44.0334124203,44.2077915357,46.3885236769
80.0,5.0,2.0,0.2,2.0,0.5,0.6,0.5,480.0,100.0,70.0,45.7860127021,43.9148578425,43.8448125616,45.5093236586,44.7920053136
80.0,5.0,2.0,0.2,2.0,0.5,0.6,0.5,440.0,100.0,72.0,52.95114772,53.92920115,55.5716764804,55.2677251541,54.7689999638
80.0,5.0,2.0,0.2,2.0,0.5,0.6,0.5,450.0,100.0,72.0,53.5399928254,52.6878304511,53.4037436342,53.8967826239,54.5378964404
80.0,5.0,2.0,0.2,2.0,0.5,0.6,0.5,460.0,100.0,72.0,53.8201506192,52.7519342572,53.4349803718,50.7902653822,51.5722701524
80.0,5.0,2.0,0.2,2.0,0.5,0.6,0.5,470.0,100.0,72.0,50.6113319999,52.6524922336,50.505608537,52.3226911252,52.942175187
80.0,5.0,2.0,0.2,2.0,0.5,0.6,0.5,480.0,100.0,72.0,49.705603586,51.5845090372,51.2377432158,53.7844108033,52.5446272743
80.0,5.0,2.0,0.2,2.0,0.5,0.6,0.5,440.0,100.0,74.0,60.8862626368,61.4317330494,59.6783355982,60.4420050548,61.8398390514
80.0,5.0,2.0,0.2,2.0,0.5,0.6,0.5,450.0,100.0,74.0,61.0241375864,61.0264604296,60.285163637,58.0725483141,59.4774012836
80.0,5.0,2.0,0.2,2.0,0.5,0.6,0.5,460.0,100.0,74.0,59.6203576785,59.3033993285,58.8595784151,59.6529862469,60.0841340867
80.0,5.0,2.0,0.2,2.0,0.5,0.6,0.5,470.0,100.0,74.0,59.5830126274,60.5531654861,56.8740881046,58.9155858034,56.646905249
80.0,5.0,2.0,0.2,2.0,0.5,0.6,0.5,480.0,100.0,74.0,56.6435859511,56.3280725309,57.4990227037,58.3109313456,57.1681595532
80.0,5.0,2.0,0.2,2.0,0.5,0.6,0.5,440.0,100.0,76.0,65.2033877724,65.9723895626,66.8187281076,66.6650120094,64.838921588
80.0,5.0,2.0,0.2,2.0,0.5,0.6,0.5,450.0,100.0,76.0,67.1783884879,67.2405721453,65.9174304425,64.1239204078,66.6844237321
80.0,5.0,2.0,0.2,2.0,0.5,0.6,0.5,460.0,100.0,76.0,64.4868323426,65.977230631,66.5002063837,64.922437014,65.4731930737
80.0,5.0,2.0,0.2,2.0,0.5,0.6,0.5,470.0,100.0,76.0,64.4204238564,63.0209920434,63.6278293416,65.4478098688,64.217687928
80.0,5.0,2.0,0.2,2.0,0.5,0.6,0.5,480.0,100.0,76.0,64.2249423381,62.9917031384,64.4883255444,64.9542837807,63.3888604568
80.0,5.0,2.0,0.2,2.0,0.5,0.6,0.5,440.0,100.0,78.0,71.8559226375,70.6410354307,71.4523691384,71.6722130508,71.4838052433
80.0,5.0,2.0,0.2,2.0,0.5,0.6,0.5,450.0,100.0,78.0,69.7460177392,70.7950202762,70.4168804914,71.2711357763,71.0658199213
80.0,5.0,2.0,0.2,2.0,0.5,0.6,0.5,460.0,100.0,78.0,71.2805147865,71.5102865834,70.6021537641,70.6086498143,70.092428408
80.0,5.0,2.0,0.2,2.0,0.5,0.6,0.5,470.0,100.0,78.0,69.7754928817,71.8009814841,69.6677052092,70.482430646,69.5263159866
80.0,5.0,2.0,0.2,2.0,0.5,0.6,0.5,480.0,100.0,78.0,69.9742986009,69.0367268868,69.40734616,69.7296721062,69.5131041945
80.0,5.0,2.0,0.2,2.0,0.5,0.6,0.5,440.0,100.0,80.0,75.4391195441,75.5626143124,75.8223671295,75.8106269865,76.2254600921
80.0,5.0,2.0,0.2,2.0,0.5,0.6,0.5,450.0,100.0,80.0,75.8287278431,76.064782998,74.6872839051,74.8315066225,76.172860978
80.0,5.0,2.0,0.2,2.0,0.5,0.6,0.5,460.0,100.0,80.0,74.6563104304,75.6342141587,74.8811467151,74.7986158427,75.6935286354
80.0,5.0,2.0,0.2,2.0,0.5,0.6,0.5,470.0,100.0,80.0,75.6643392608,74.3270896422,75.8948159819,75.8942333446,74.0246777108
80.0,5.0,2.0,0.2,2.0,0.5,0.6,0.5,480.0,100.0,80.0,74.7690489525,75.4617549737,73.7807254144,74.9094459769,74.057076477
80.0,5.0,3.0,0.2,2.0,0.5,0.6,0.5,440.0,100.0,70.0,84.6454638762,85.1861882281,84.5696431918,84.1296067925,84.839421439
80.0,5.0,3.0,0.2,2.0,0.5,0.6,0.5,450.0,100.0,70.0,83.5492117084,84.910940401,83.5658069104,83.4515170518,84.4808547152
80.0,5.0,3.0,0.2,2.0,0.5,0.6,0.5,460.0,100.0,70.0,83.7154938119,83.5631147449,84.5190092886,84.0059148978,83.4291760173
80.0,5.0,3.0,0.2,2.0,0.5,0.6,0.5,470.0,100.0,70.0,83.3784856005,83.9879388307,84.7137838542,83.9017683644,84.692524707
80.0,5.0,3.0,0.2,2.0,0.5,0.6,0.5,480.0,100.0,70.0,84.3130165334,83.217671093,84.1137436096,82.806688957,84.024596991
80.0,5.0,3.0,0.2,2.0,0.5,0.6,0.5,440.0,100.0,72.0,87.996744097,88.2343966161,87.4677822268,87.5106345725,87.4519324785
80.0,5.0,3.0,0.2,2.0,0.5,0.6,0.5,450.0,100.0,72.0,87.2255207526,87.7754762937,87.5780752271,88.237296799,87.3163710804
80.0,5.0,3.0,0.2,2.0,0.5,0.6,0.5,460.0,100.0,72.0,87.568339666,87.1881468475,87.6458794395,86.8189635521,87.8352481192
80.0,5.0,3.0,0.2,2.0,0.5,0.6,0.5,470.0,100.0,72.0,87.4941458822,87.5947912927,87.1051885781,87.1305023693,87.5002291534
80.0,5.0,3.0,0.2,2.0,0.5,0.6,0.5,480.0,100.0,72.0,87.208822878,87.3170044387,86.5068790579,87.2347795289,87.2857284958
80.0,5.0,3.0,0.2,2.0,0.5,0.6,0.5,440.0,100.0,74.0,89.8125184259,90.4262501192,89.7389739409,90.6753516494,90.010137504
80.0,5.0,3.0,0.2,2.0,0.5,0.6,0.5,450.0,100.0,74.0,90.512909546,89.6901752664,90.1491698661,90.4345345594,90.1905660566
80.0,5.0,3.0,0.2,2.0,0.5,0.6,0.5,460.0,100.0,74.0,89.9399470732,89.9772371703,88.9914865964,90.2192332044,90.4294215337
80.0,5.0,3.0,0.2,2.0,0.5,0.6,0.5,470.0,100.0,74.0,90.0569831088,89.6241303288,89.4380490464,89.5053449717,89.2889436378
80.0,5.0,3.0,0.2,2.0,0.5,0.6,0.5,480.0,100.0,74.0,89.5775462273,90.4326196743,89.6100529358,89.3831342828,89.667389979
80.0,5.0,3.0,0.2,2.0,0.5,0.6,0.5,440.0,100.0,76.0,92.4532301469,92.4830233018,92.7071189508,92.4287816314,92.3213755789
80.0,5.0,3.0,0.2,2.0,0.5,0.6,0.5,450.0,100.0,76.0,91.9447998267,92.2655290232,92.1804849203,92.3034804659,92.2367791638
80.0,5.0,3.0,0.2,2.0,0.5,0.6,0.5,460.0,100.0,76.0,92.0323822313,92.2001213235,92.1579869662,92.1388454016,92.1779000961
80.0,5.0,3.0,0.2,2.0,0.5,0.6,0.5,470.0,100.0,76.0,92.0817989952,91.840223227,92.0058430757,92.1609183333,91.8919794131
80.0,5.0,3.0,0.2,2.0,0.5,0.6,0.5,480.0,100.0,76.0,91.8096576226,91.3123160759,92.249882386,91.6243900718,91.7902461
80.0,5.0,3.0,0.2,2.0,0.5,0.6,0.5,440.0,100.0,78.0,94.7453890863,94.1907276162,94.2226320631,94.4196901595,93.9085220544
80.0,5.0,3.0,0.2,2.0,0.5,0.6,0.5,450.0,100.0,78.0,93.9403223921,93.3482593581,93.5829048507,94.0717703644,93.8905273038
80.0,5.0,3.0,0.2,2.0,0.5,0.6,0.5,460.0,100.0,78.0,93.6937300204,93.7635424395,93.5587639972,93.5953106417,93.8766608806
80.0,5.0,3.0,0.2,2.0,0.5,0.6,0.5,470.0,100.0,78.0,93.5646858689,93.6974711985,93.5042739029,93.9741036407,93.8233064341
80.0,5.0,3.0,0.2,2.0,0.5,0.6,0.5,480.0,100.0,78.0,93.6558993255,93.8955518984,93.3464869091,93.4920870396,93.8299970957
80.0,5.0,3.0,0.2,2.0,0.5,0.6,0.5,440.0,100.0,80.0,95.5126845925,95.307179768,95.7706463679,95.6011687937,95.4021034338
80.0,5.0,3.0,0.2,2.0,0.5,0.6,0.5,450.0,100.0,80.0,95.4836155442,95.5784783359,95.029364251,94.866304349,94.8620928732
80.0,5.0,3.0,0.2,2.0,0.5,0.6,0.5,460.0,100.0,80.0,95.5930096812,95.1670455426,95.1324481757,95.1260038078,94.8400589885
80.0,5.0,3.0,0.2,2.0,0.5,0.6,0.5,470.0,100.0,80.0,94.9207758072,95.2135445914,95.0105162927,94.9369515493,95.0198478644
80.0,5.0,3.0,0.2,2.0,0.5,0.6,0.5,480.0,100.0,80.0,94.8024348189,94.7092203682,94.9968183339,94.7813635793,94.9547062479
80.0,5.0,4.0,0.2,2.0,0.5,0.6,0.5,440.0,100.0,70.0,96.4902598419,96.5148769166,96.321601612,96.2449030249,96.5445204305
80.0,5.0,4.0,0.2,2.0,0.5,0.6,0.5,450.0,100.0,70.0,96.3405860301,96.249921617,96.3748788286,96.2595801406,96.4194759139
80.0,5.0,4.0,0.2,2.0,0.5,0.6,0.5,460.0,100.0,70.0,96.3215550339,96.4249084668,96.3728914283,96.6490019758,96.2986400645
80.0,5.0,4.0,0.2,2.0,0.5,0.6,0.5,470.0,100.0,70.0,96.2823503689,96.2276829944,96.2803970414,96.1436759285,96.3296047315
80.0,5.0,4.0,0.2,2.0,0.5,0.6,0.5,480.0,100.0,70.0,96.2778666349,95.9841651451,96.2011745601,95.9854528203,96.21889942
80.0,5.0,4.0,0.2,2.0,0.5,0.6,0.5,440.0,100.0,72.0,97.3684914478,97.3023693274,97.3974701559,97.2509761805,97.3298347627
80.0,5.0,4.0,0.2,2.0,0.5,0.6,0.5,450.0,100.0,72.0,97.2760306324,97.3585052321,97.2362135003,97.2841176347,97.0828471986
80.0,5.0,4.0,0.2,2.0,0.5,0.6,0.5,460.0,100.0,72.0,97.2861343957,97.39787398,97.344408651,97.1490648702,97.0844426449
80.0,5.0,4.0,0.2,2.0,0.5,0.6,0.5,470.0,100.0,72.0,97.0273442198,97.1753455968,97.1339892754,97.160749476,97.1134465267
80.0,5.0,4.0,0.2,2.0,0.5,0.6,0.5,480.0,100.0,72.0,97.0424102401,97.014588846,96.9858793227,97.127784178,97.1044533843
80.0,5.0,4.0,0.2,2.0,0.5,0.6,0.5,440.0,100.0,74.0,98.0421387436,98.0963255189,97.9861882437,98.094909881,97.9904896795
80.0,5.0,4.0,0.2,2.0,0.5,0.6,0.5,450.0,100.0,74.0,97.9842258131,97.9304740827,98.0232394528,98.0540265787,98.0826383607
80.0,5.0,4.0,0.2,2.0,0.5,0.6,0.5,460.0,100.0,74.0,98.0466421346,97.9321234518,97.960084895,97.9485186684,98.0214350394
80.0,5.0,4.0,0.2,2.0,0.5,0.6,0.5,470.0,100.0,74.0,97.9689002839,97.846752778,97.8423960284,97.9225063526,97.8730662367
80.0,5.0,4.0,0.2,2.0,0.5,0.6,0.5,480.0,100.0,74.0,97.8529542383,97.939209536,97.9117859214,97.8498285713,97.6915660823
80.0,5.0,4.0,0.2,2.0,0.5,0.6,0.5,440.0,100.0,76.0,98.5723571026,98.4755264267,98.4736212159,98.4870760983,98.5343467435
80.0,5.0,4.0,0.2,2.0,0.5,0.6,0.5,450.0,100.0,76.0,98.5819865146,98.4577141652,98.4975286046,98.5166414421,98.4398762552
80.0,5.0,4.0,0.2,2.0,0.5,0.6,0.5,460.0,100.0,76.0,98.4325876763,98.3061467272,98.4846103195,98.4604021695,98.4595607478
80.0,5.0,4.0,0.2,2.0,0.5,0.6,0.5,470.0,100.0,76.0,98.5162426866,98.4053527357,98.3776300689,98.3619976541,98.4894658401
80.0,5.0,4.0,0.2,2.0,0.5,0.6,0.5,480.0,100.0,76.0,98.3660020192,98.3937374068,98.409174753,98.3523030588,98.3960886449
80.0,5.0,4.0,0.2,2.0,0.5,0.6,0.5,440.0,100.0,78.0,98.8197883466,99.0121607606,98.9128926328,98.9431640531,98.895657718
80.0,5.0,4.0,0.2,2.0,0.5,0.6,0.5,450.0,100.0,78.0,98.8595771536,98.8581141947,98.9476783313,98.856405177,98.9123082908
80.0,5.0,4.0,0.2,2.0,0.5,0.6,0.5,460.0,100.0,78.0,98.8687922322,98.8200369717,98.8282527087,98.8667731149,98.8596102943
80.0,5.0,4.0,0.2,2.0,0.5,0.6,0.5,470.0,100.0,78.0,98.8118091317,98.8416195517,98.7716848422,98.752542446,98.9141343662
80.0,5.0,4.0,0.2,2.0,0.5,0.6,0.5,480.0,100.0,78.0,98.8080171578,98.8270279407,98.7628456243,98.7733719859,98.8290617231
80.0,5.0,4.0,0.2,2.0,0.5,0.6,0.5,440.0,100.0,80.0,99.1945018203,99.2017800216,99.1965950742,99.1671738439,99.2031947423
80.0,5.0,4.0,0.2,2.0,0.5,0.6,0.5,450.0,100.0,80.0,99.1860591929,99.2279434084,99.2074751121,99.1738896029,99.1725897486
80.0,5.0,4.0,0.2,2.0,0.5,0.6,0.5,460.0,100.0,80.0,99.1664215786,99.0919783601,99.1574377834,99.1496622001,99.1634116632
80.0,5.0,4.0,0.2,2.0,0.5,0.6,0.5,470.0,100.0,80.0,99.1136253896,99.1413672435,99.141414863,99.15589861,99.1423086481
80.0,5.0,4.0,0.2,2.0,0.5,0.6,0.5,480.0,100.0,80.0,99.0763542646,99.1630011456,99.1288455852,99.1354058678,99.1040871724
80.0,5.0,2.0,0.2,2.0,1.0,0.6,0.5,440.0,100.0,70.0,50.8326719879,49.5626385957,46.2298379934,49.4248476725,49.5488636016
80.0,5.0,2.0,0.2,2.0,1.0,0.6,0.5,450.0,100.0,70.0,49.3831644973,48.1435056049,46.5745070997,47.5512477989,46.6605765545
80.0,5.0,2.0,0.2,2.0,1.0,0.6,0.5,460.0,100.0,70.0,48.490717383,46.7061544626,49.1855860378,46.5856425376,47.0671148735
80.0,5.0,2.0,0.2,2.0,1.0,0.6,0.5,470.0,100.0,70.0,46.2956220995,47.1275148683,47.2188946933,46.9768508406,47.0345124448
80.0,5.0,2.0,0.2,2.0,1.0,0.6,0.5,480.0,100.0,70.0,46.1378863657,47.5704268566,48.7523224528,44.8193844186,45.0795328133
80.0,5.0,2.0,0.2,2.0,1.0,0.6,0.5,440.0,100.0,72.0,55.2236510237,55.7899017313,54.8125167999,55.1616342461,57.1348794481
80.0,5.0,2.0,0.2,2.0,1.0,0.6,0.5,450.0,100.0,72.0,53.5508128734,54.9612603466,54.8336093417,54.1385000678,55.8641672835
80.0,5.0,2.0,0.2,2.0,1.0,0.6,0.5,460.0,100.0,72.0,56.2587625401,54.4502121306,55.9689887567,53.8670815776,54.8121465333
80.0,5.0,2.0,0.2,2.0,1.0,0.6,0.5,470.0,100.0,72.0,53.7671920244,53.7315744258,53.1515232669,54.7611326617,52.0195514676
80.0,5.0,2.0,0.2,2.0,1.0,0.6,0.5,480.0,100.0,72.0,54.1765664862,51.7889704038,54.2462588383,53.2976458189,52.5100974607
80.0,5.0,2.0,0.2,2.0,1.0,0.6,0.5,440.0,100.0,74.0,60.756680314,62.9079851347,60.9658544538,61.0317299154,63.6265569968
80.0,5.0,2.0,0.2,2.0,1.0,0.6,0.5,450.0,100.0,74.0,61.7279649752,62.754911541,62.6823329758,60.4825917117,62.3435974248
80.0,5.0,2.0,0.2,2.0,1.0,0.6,0.5,460.0,100.0,74.0,62.5205417148,60.120186079,59.7681194699,59.9638965946,60.4777048474
80.0,5.0,2.0,0.2,2.0,1.0,0.6,0.5,470.0,100.0,74.0,59.5602898928,58.8003886855,59.3715988395,60.3747493883,59.844455651
80.0,5.0,2.0,0.2,2.0,1.0,0.6,0.5,480.0,100.0,74.0,59.446491414,60.7161650076,60.6938716814,59.3149889563,59.5960700626
80.0,5.0,2.0,0.2,2.0,1.0,0.6,0.5,440.0,100.0,76.0,67.7458861038,66.6734763213,68.6026653847,67.3263002158,69.2662867214
80.0,5.0,2.0,0.2,2.0,1.0,0.6,0.5,450.0,100.0,76.0,67.6215851215,67.2439416514,66.1451487748,66.8768789925,67.6604292103
80.0,5.0,2.0,0.2,2.0,1.0,0.6,0.5,460.0,100.0,76.0,66.371399433,66.6537185149,67.4604948624,66.6521439992,66.3175605002
80.0,5.0,2.0,0.2,2.0,1.0,0.6,0.5,470.0,100.0,76.0,65.7386611145,66.4393862991,67.8226686279,65.0961413937,65.703487573
80.0,5.0,2.0,0.2,2.0,1.0,0.6,0.5,480.0,100.0,76.0,66.4611279094,66.6529876952,66.0085631839,65.1920671573,64.9401233244
80.0,5.0,2.0,0.2,2.0,1.0,0.6,0.5,440.0,100.0,78.0,71.0629206808,72.203998076,72.5078507364,74.1369037881,72.5821926836
80.0,5.0,2.0,0.2,2.0,1.0,0.6,0.5,450.0,100.0,78.0,71.7615867186,70.3955890122,73.0796362223,71.7252106851,73.9107947787
80.0,5.0,2.0,0.2,2.0,1.0,0.6,0.5,460.0,100.0,78.0,72.97255354,72.1154813468,70.5822590124,71.8427933236,70.9615132213
80.0,5.0,2.0,0.2,2.0,1.0,0.6,0.5,470.0,100.0,78.0,69.7317421424,71.32852031,70.3388779222,71.7232143826,71.6557388791
80.0,5.0,2.0,0.2,2.0,1.0,0.6,0.5,480.0,100.0,78.0,71.7006307641,72.0264236875,71.6575052156,69.5196572359,69.8761989143
80.0,5.0,2.0,0.2,2.0,1.0,0.6,0.5,440.0,100.0,80.0,76.976795412,77.219701544,77.8159869801,77.5338292905,77.2102860735
80.0,5.0,2.0,0.2,2.0,1.0,0.6,0.5,450.0,100.0,80.0,76.824749127,78.5508044433,76.0605031113,76.4470201244,76.6667746903
80.0,5.0,2.0,0.2,2.0,1.0,0.6,0.5,460.0,100.0,80.0,75.7409047227,75.1029114283,77.83862467,75.6345352055,75.2473706131
80.0,5.0,2.0,0.2,2.0,1.0,0.6,0.5,470.0,100.0,80.0,76.3768919406,77.0016328259,76.4917666231,77.093688045,76.1976866764
80.0,5.0,2.0,0.2,2.0,1.0,0.6,0.5,480.0,100.0,80.0,75.2748756854,75.1888436485,75.6357759396,75.2672484836,77.1767269518
80.0,5.0,3.0,0.2,2.0,1.0,0.6,0.5,440.0,100.0,70.0,85.2969876584,85.2717425756,85.1495927353,85.2105534584,85.7685155041
80.0,5.0,3.0,0.2,2.0,1.0,0.6,0.5,450.0,100.0,70.0,85.0624217715,84.661889672,84.8029968537,85.6785957305,84.8463654625
80.0,5.0,3.0,0.2,2.0,1.0,0.6,0.5,460.0,100.0,70.0,84.7369991665,84.1524630673,85.3147058063,84.6459934257,85.8610557515
80.0,5.0,3.0,0.2,2.0,1.0,0.6,0.5,470.0,100.0,70.0,84.6885925117,84.6755215346,83.7109339367,83.7986401203,84.4635902428
80.0,5.0,3.0,0.2,2.0,1.0,0.6,0.5,480.0,100.0,70.0,84.2613962459,85.1225883015,84.0519027147,84.6869113431,84.5848582522
80.0,5.0,3.0,0.2,2.0,1.0,0.6,0.5,440.0,100.0,72.0,89.0826334547,88.2434224958,89.130656789,87.8662338133,88.1976548771
80.0,5.0,3.0,0.2,2.0,1.0,0.6,0.5,450.0,100.0,72.0,88.9620440963,88.3840732164,87.9954755909,87.9520017606,88.8259330047
80.0,5.0,3.0,0.2,2.0,1.0,0.6,0.5,460.0,100.0,72.0,88.4379553514,87.3809945169,87.7107513392,88.6357730182,87.604366225
80.0,5.0,3.0,0.2,2.0,1.0,0.6,0.5,470.0,100.0,72.0,87.7015259447,87.4276859987,88.2909474985,87.1019528859,88.2973624512
80.0,5.0,3.0,0.2,2.0,1.0,0.6,0.5,480.0,100.0,72.0,87.9184958321,86.8976641565,87.7374290322,87.3924627702,87.1758222159
80.0,5.0,3.0,0.2,2.0,1.0,0.6,0.5,440.0,100.0,74.0,90.3724034012,91.1448909925,90.9632066772,90.8020509393,91.1814654709
80.0,5.0,3.0,0.2,2.0,1.0,0.6,0.5,450.0,100.0,74.0,91.400249068,90.300938868,91.2273115744,90.3044766949,90.4064731039
80.0,5.0,3.0,0.2,2.0,1.0,0.6,0.5,460.0,100.0,74.0,90.5557847935,90.6224442269,90.7954544116,90.5496750366,90.5734973286
80.0,5.0,3.0,0.2,2.0,1.0,0.6,0.5,470.0,100.0,74.0,90.4728836598,90.2369226088,90.2998921814,90.3109319496,90.3617725316
80.0,5.0,3.0,0.2,2.0,1.0,0.6,0.5,480.0,100.0,74.0,89.6723966218,89.7608017346,90.3775822736,90.042289645,90.1191727479
80.0,5.0,3.0,0.2,2.0,1.0,0.6,0.5,440.0,100.0,76.0,92.8293430757,93.0172311832,92.8640335337,92.8201310024,92.7774347926
80.0,5.0,3.0,0.2,2.0,1.0,0.6,0.5,450.0,100.0,76.0,92.9335103164,92.6098442635,93.0401692378,92.7015722906,92.8838505405
80.0,5.0,3.0,0.2,2.0,1.0,0.6,0.5,460.0,100.0,76.0,92.8575242735,92.480815923,92.5490756489,92.9370426707,93.0119810829
80.0,5.0,3.0,0.2,2.0,1.0,0.6,0.5,470.0,100.0,76.0,92.389966141,91.9753105518,92.6503116347,92.5588881255,92.4105877707
80.0,5.0,3.0,0.2,2.0,1.0,0.6,0.5,480.0,100.0,76.0,91.6853449747,92.246141885,92.5166666344,92.0070996756,92.1530081647
80.0,5.0,3.0,0.2,2.0,1.0,0.6,0.5,440.0,100.0,78.0,94.552945157,94.0631533712,94.2064116198,94.0907141515,94.623514671
80.0,5.0,3.0,0.2,2.0,1.0,0.6,0.5,450.0,100.0,78.0,94.3174176945,94.4240236165,94.5506304372,94.4578321459,94.6449399244
80.0,5.0,3.0,0.2,2.0,1.0,0.6,0.5,460.0,100.0,78.0,94.2955455896,94.0627766693,94.0578679316,94.246470961,94.2749378073
80.0,5.0,3.0,0.2,2.0,1.0,0.6,0.5,470.0,100.0,78.0,94.0508531803,94.1194771465,94.0357569804,93.7632420278,94.1117332727
80.0,5.0,3.0,0.2,2.0,1.0,0.6,0.5,480.0,100.0,78.0,94.0126446033,93.7848744651,93.9070682342,94.0817331795,94.2253265194
80.0,5.0,3.0,0.2,2.0,1.0,0.6,0.5,440.0,100.0,80.0,95.8644343821,95.7062596907,95.8170589658,95.6320299716,95.8165859804
80.0,5.0,3.0,0.2,2.0,1.0,0.6,0.5,450.0,100.0,80.0,95.4354136629,95.5589676458,95.2832302427,95.507981848,95.7571199636
80.0,5.0,3.0,0.2,2.0,1.0,0.6,0.5,460.0,100.0,80.0,95.3745410873,95.5171694112,95.8510334691,95.2587867539,95.2283952528
80.0,5.0,3.0,0.2,2.0,1.0,0.6,0.5,470.0,100.0,80.0,95.5594396484,95.5430576566,95.3118169305,95.3106220738,95.5526504431
80.0,5.0,3.0,0.2,2.0,1.0,0.6,0.5,480.0,100.0,80.0,94.8303363698,95.4741732053,95.5673009361,95.5379608825,94.9876285135
80.0,5.0,4.0,0.2,2.0,1.0,0.6,0.5,440.0,100.0,70.0,96.6786588326,96.7634195268,96.7132816277,96.8643324382,96.4965427048
80.0,5.0,4.0,0.2,2.0,1.0,0.6,0.5,450.0,100.0,70.0,96.5234652319,96.6227289855,96.5625048805,96.4556384672,96.4624797649
80.0,5.0,4.0,0.2,2.0,1.0,0.6,0.5,460.0,100.0,70.0,96.3671620841,96.4152466248,96.5743830918,96.6300651714,96.4749794688
80.0,5.0,4.0,0.2,2.0,1.0,0.6,0.5,470.0,100.0,70.0,96.3368029384,96.3965793467,96.4477475727,96.1714362396,96.1990088859
80.0,5.0,4.0,0.2,2.0,1.0,0.6,0.5,480.0,100.0,70.0,96.4095482106,96.3545646066,96.3263321754,96.3565758363,96.3250570315
80.0,5.0,4.0,0.2,2.0,1.0,0.6,0.5,440.0,100.0,72.0,97.5133706864,97.5049323632,97.4517214876,97.5403971846,97.5358659491
80.0,5.0,4.0,0.2,2.0,1.0,0.6,0.5,450.0,100.0,72.0,97.5703700998,97.4210979558,97.4381170798,97.5213055707,97.4650236769
80.0,5.0,4.0,0.2,2.0,1.0,0.6,0.5,460.0,100.0,72.0,97.5113899661,97.3025626685,97.4298109107,97.412409246,97.3809314005
80.0,5.0,4.0,0.2,2.0,1.0,0.6,0.5,470.0,100.0,72.0,97.3541055076,97.3367558856,97.2094976992,97.3876887631,97.215513528
80.0,5.0,4.0,0.2,2.0,1.0,0.6,0.5,480.0,100.0,72.0,97.2346450529,97.1459469639,97.2927677021,97.3342713898,97.2547961617
80.0,5.0,4.0,0.2,2.0,1.0,0.6,0.5,440.0,100.0,74.0,98.1081940832,98.0846396337,98.1819558686,98.1312308251,98.1342051203
80.0,5.0,4.0,0.2,2.0,1.0,0.6,0.5,450.0,100.0,74.0,98.1154828371,98.1343436108,98.1032490886,98.0711562339,98.0283605551
80.0,5.0,4.0,0.2,2.0,1.0,0.6,0.5,460.0,100.0,74.0,98.0724711097,98.0501877124,97.9959395399,98.1131129486,98.1058369767
80.0,5.0,4.0,0.2,2.0,1.0,0.6,0.5,470.0,100.0,74.0,98.0881730318,98.0742970871,98.1097112264,98.0088454202,98.0126138491
80.0,5.0,4.0,0.2,2.0,1.0,0.6,0.5,480.0,100.0,74.0,97.9735028236,97.9792426597,98.0166202608,97.9526186528,97.8719067934
80.0,5.0,4.0,0.2,2.0,1.0,0.6,0.5,440.0,100.0,76.0,98.6570451416,98.5207518773,98.5749315367,98.5997456967,98.679917205
80.0,5.0,4.0,0.2,2.0,1.0,0.6,0.5,450.0,100.0,76.0,98.5568234247,98.5575306334,98.5788127022,98.594809792,98.6406573066
80.0,5.0,4.0,0.2,2.0,1.0,0.6,0.5,460.0,100.0,76.0,98.465269307,98.4274597024,98.4285300792,98.5351977143,98.6005801179
80.0,5.0,4.0,0.2,2.0,1.0,0.6,0.5,470.0,100.0,76.0,98.4440194351,98.5990139112,98.5461432669,98.5395592929,98.5400491249
80.0,5.0,4.0,0.2,2.0,1.0,0.6,0.5,480.0,100.0,76.0,98.5232103524,98.5492425179,98.5309413587,98.4601440675,98.5470752749
80.0,5.0,4.0,0.2,2.0,1.0,0.6,0.5,440.0,100.0,78.0,98.9548635963,98.9916936212,99.0154068089,98.9798860534,98.9820777769
80.0,5.0,4.0,0.2,2.0,1.0,0.6,0.5,450.0,100.0,78.0,98.8916176019,98.9823076347,98.929578782,98.9818073444,98.9602477066
80.0,5.0,4.0,0.2,2.0,1.0,0.6,0.5,460.0,100.0,78.0,99.0471908417,98.9403771754,98.9267293617,98.8966307801,98.9283183474
80.0,5.0,4.0,0.2,2.0,1.0,0.6,0.5,470.0,100.0,78.0,98.8938648848,98.9835140574,98.939579296,98.9468052586,98.9069286435
80.0,5.0,4.0,0.2,2.0,1.0,0.6,0.5,480.0,100.0,78.0,98.8347659737,98.8827592444,98.8411628912,98.928313929,98.9119414599
80.0,5.0,4.0,0.2,2.0,1.0,0.6,0.5,440.0,100.0,80.0,99.2202339016,99.2614380392,99.2327081111,99.2625849844,99.2300662994
80.0,5.0,4.0,0.2,2.0,1.0,0.6,0.5,450.0,100.0,80.0,99.1920406934,99.2315160542,99.2109368668,99.1983945721,99.2159561531
80.0,5.0,4.0,0.2,2.0,1.0,0.6,0.5,460.0,100.0,80.0,99.1752033496,99.2155077378,99.188008211,99.1958399146,99.1801066599
80.0,5.0,4.0,0.2,2.0,1.0,0.6,0.5,470.0,100.0,80.0,99.2143921747,99.197143745,99.1948381327,99.1761656978,99.1147063481
80.0,5.0,4.0,0.2,2.0,1.0,0.6,0.5,480.0,100.0,80.0,99.2199466545,99.2887283142,99.220660189,99.1382589592,99.1576974028
80.0,5.0,2.0,0.2,2.0,1.5,0.6,0.5,440.0,100.0,70.0,51.6787209195,50.3486331118,48.4262196394,50.4697515497,51.2019264464
80.0,5.0,2.0,0.2,2.0,1.5,0.6,0.5,450.0,100.0,70.0,49.0964710504,50.319787131,50.5593466244,49.1274034476,52.1264188349
80.0,5.0,2.0,0.2,2.0,1.5,0.6,0.5,460.0,100.0,70.0,49.9646940472,49.9287822017,48.0170900392,47.0449741768,47.3397172974
80.0,5.0,2.0,0.2,2.0,1.5,0.6,0.5,470.0,100.0,70.0,46.8978289692,48.3541192483,48.0490996596,49.081536922,50.1325980322
80.0,5.0,2.0,0.2,2.0,1.5,0.6,0.5,480.0,100.0,70.0,48.258422429,48.0912914975,47.9367619319,48.7307586728,46.6805630028
80.0,5.0,2.0,0.2,2.0,1.5,0.6,0.5,440.0,100.0,72.0,57.304686883,56.9307654653,57.3560049175,58.9713455561,55.1215879407
80.0,5.0,2.0,0.2,2.0,1.5,0.6,0.5,450.0,100.0,72.0,55.5394831634,57.7038590347,57.1210989706,59.6164619049,57.4318677546
80.0,5.0,2.0,0.2,2.0,1.5,0.6,0.5,460.0,100.0,72.0,55.7598932533,57.3845393962,56.2249015587,56.5240350068,55.5572986827
80.0,5.0,2.0,0.2,2.0,1.5,0.6,0.5,470.0,100.0,72.0,55.6982859128,55.9673272867,54.9019229331,55.1784836362,57.2047871124
80.0,5.0,2.0,0.2,2.0,1.5,0.6,0.5,480.0,100.0,72.0,56.2897945809,54.6047561766,54.1453392658,54.3021074111,56.3646544412
80.0,5.0,2.0,0.2,2.0,1.5,0.6,0.5,440.0,100.0,74.0,63.0638774606,62.9652532715,63.5666437935,62.7971403718,62.7673774191
80.0,5.0,2.0,0.2,2.0,1.5,0.6,0.5,450.0,100.0,74.0,65.0587422002,62.3747980284,63.4953323034,62.2084879811,62.5561603524
80.0,5.0,2.0,0.2,2.0,1.5,0.6,0.5,460.0,100.0,74.0,63.5967677512,63.538687292,62.939188818,60.957418875,62.1682457428
80.0,5.0,2.0,0.2,2.0,1.5,0.6,0.5,470.0,100.0,74.0,59.9977949204,61.4392298238,61.6057247254,62.1411218004,61.6962872218
80.0,5.0,2.0,0.2,2.0,1.5,0.6,0.5,480.0,100.0,74.0,61.2424405967,60.6361467387,60.2492665431,62.300253559,59.8932740941
80.0,5.0,2.0,0.2,2.0,1.5,0.6,0.5,440.0,100.0,76.0,68.9711542738,69.6844259605,69.6821478154,67.9245291708,70.3582778491
80.0,5.0,2.0,0.2,2.0,1.5,0.6,0.5,450.0,100.0,76.0,67.2170415138,68.4417663683,68.871179277,69.0226997218,68.7609158974
80.0,5.0,2.0,0.2,2.0,1.5,0.6,0.5,460.0,100.0,76.0,68.4343182529,67.960312832,67.9597711903,67.1239411315,67.8231834177
80.0,5.0,2.0,0.2,2.0,1.5,0.6,0.5,470.0,100.0,76.0,68.0234323959,67.3411289509,68.0457692006,68.471440036,66.8677725295
80.0,5.0,2.0,0.2,2.0,1.5,0.6,0.5,480.0,100.0,76.0,66.2544549554,65.3562889606,65.233103218,67.7196044047,67.0501949363
80.0,5.0,2.0,0.2,2.0,1.5,0.6,0.5,440.0,100.0,78.0,73.7142674684,74.1368073121,74.5216328349,73.3150713932,72.7925064292
80.0,5.0,2.0,0.2,2.0,1.5,0.6,0.5,450.0,100.0,78.0,74.497830671,74.5302557001,72.0717844759,74.3267573922,74.3420662012
80.0,5.0,2.0,0.2,2.0,1.5,0.6,0.5,460.0,100.0,78.0,73.485681105,73.9415954553,73.9398930106,72.2942465077,73.4103111533
80.0,5.0,2.0,0.2,2.0,1.5,0.6,0.5,470.0,100.0,78.0,72.9515511807,72.8641434057,71.437920287,71.5552332383,72.5023507284
80.0,5.0,2.0,0.2,2.0,1.5,0.6,0.5,480.0,100.0,78.0,71.1900338853,71.134763178,70.6072191123,70.8469706745,72.1516537783
80.0,5.0,2.0,0.2,2.0,1.5,0.6,0.5,440.0,100.0,80.0,77.8792718568,78.9295177358,78.6072080078,79.5420556887,78.2368089246
80.0,5.0,2.0,0.2,2.0,1.5,0.6,0.5,450.0,100.0,80.0,78.8412502568,76.9732551594,78.1588281758,77.5400021789,77.4901917167
80.0,5.0,2.0,0.2,2.0,1.5,0.6,0.5,460.0,100.0,80.0,77.5544367655,76.7832198154,76.7387878761,78.0537879907,78.2624747368
80.0,5.0,2.0,0.2,2.0,1.5,0.6,0.5,470.0,100.0,80.0,77.397492153,76.842570281,78.0390588324,77.0096412457,78.0721144397
80.0,5.0,2.0,0.2,2.0,1.5,0.6,0.5,480.0,100.0,80.0,76.62997166,77.634168624,75.8539614926,75.7605025957,77.6747951794
80.0,5.0,3.0,0.2,2.0,1.5,0.6,0.5,440.0,100.0,70.0,85.8769470979,86.466968133,85.8631010999,86.1270432765,85.6354616433
80.0,5.0,3.0,0.2,2.0,1.5,0.6,0.5,450.0,100.0,70.0,85.5257443122,86.0684322895,85.1425709365,85.743467963,85.6727481328
80.0,5.0,3.0,0.2,2.0,1.5,0.6,0.5,460.0,100.0,70.0,85.490275677,84.8602228673,85.439666867,85.0119633677,85.5418778721
80.0,5.0,3.0,0.2,2.0,1.5,0.6,0.5,470.0,100.0,70.0,84.7135222679,85.2077656845,84.4642108044,85.3982962309,85.1540127236
80.0,5.0,3.0,0.2,2.0,1.5,0.6,0.5,480.0,100.0,70.0,85.2887767171,84.3959318072,83.8049015111,85.3432876555,86.1878986462
80.0,5.0,3.0,0.2,2.0,1.5,0.6,0.5,440.0,100.0,72.0,89.5551431739,88.7591744078,88.4770830856,89.2332730795,88.9854044183
80.0,5.0,3.0,0.2,2.0,1.5,0.6,0.5,450.0,100.0,72.0,89.031986327,88.8248187342,88.4418093287,88.7344210472,88.9370172825
80.0,5.0,3.0,0.2,2.0,1.5,0.6,0.5,460.0,100.0,72.0,88.2631655301,88.5491919491,88.1721154304,88.8307384143,88.7305579993
80.0,5.0,3.0,0.2,2.0,1.5,0.6,0.5,470.0,100.0,72.0,88.627489428,88.6332297525,88.4005621761,88.553966044,87.9222146112
80.0,5.0,3.0,0.2,2.0,1.5,0.6,0.5,480.0,100.0,72.0,87.7327227941,88.2251093732,87.9618633293,88.1974147777,88.9471970685
80.0,5.0,3.0,0.2,2.0,1.5,0.6,0.5,440.0,100.0,74.0,90.9076131602,91.0382051043,90.9029330309,91.23599998,90.997576856
80.0,5.0,3.0,0.2,2.0,1.5,0.6,0.5,450.0,100.0,74.0,90.9727274123,90.8878210838,91.1008674443,91.7382008331,91.39692775
80.0,5.0,3.0,0.2,2.0,1.5,0.6,0.5,460.0,100.0,74.0,91.1520402843,90.886258302,91.507883857,90.6244776071,91.9482028697
80.0,5.0,3.0,0.2,2.0,1.5,0.6,0.5,470.0,100.0,74.0,90.8097468976,91.1792007744,90.4625913997,90.7377533649,90.1806213389
80.0,5.0,3.0,0.2,2.0,1.5,0.6,0.5,480.0,100.0,74.0,90.5696378629,90.3971064541,90.4975910259,91.1900656774,90.9789439304
80.0,5.0,3.0,0.2,2.0,1.5,0.6,0.5,440.0,100.0,76.0,93.2453194236,93.7584476287,93.3536299983,93.2735817973,93.4586052655
80.0,5.0,3.0,0.2,2.0,1.5,0.6,0.5,450.0,100.0,76.0,93.126674236,92.8671735117,93.4338634293,93.1223879675,92.816804806
80.0,5.0,3.0,0.2,2.0,1.5,0.6,0.5,460.0,100.0,76.0,92.8891039093,92.8869462067,93.1813809061,93.3217631471,93.027805434
80.0,5.0,3.0,0.2,2.0,1.5,0.6,0.5,470.0,100.0,76.0,93.2392212718,92.9801585615,92.8763960957,93.333867955,92.9065267335
80.0,5.0,3.0,0.2,2.0,1.5,0.6,0.5,480.0,100.0,76.0,92.1927080138,93.419700342,92.6047732079,92.6625055138,92.7167444652
80.0,5.0,3.0,0.2,2.0,1.5,0.6,0.5,440.0,100.0,78.0,94.766833492,94.7002590491,94.6981708129,94.4463126418,94.7617418118
80.0,5.0,3.0,0.2,2.0,1.5,0.6,0.5,450.0,100.0,78.0,95.0055967067,94.9121462074,94.7440994905,94.9729772156,94.6646208455
80.0,5.0,3.0,0.2,2.0,1.5,0.6,0.5,460.0,100.0,78.0,94.633533963,94.4869105486,94.4633298134,94.4612576285,94.5349279038
80.0,5.0,3.0,0.2,2.0,1.5,0.6,0.5,470.0,100.0,78.0,93.9105227288,94.3580729892,94.4592726242,94.4861635947,94.5355802502
80.0,5.0,3.0,0.2,2.0,1.5,0.6,0.5,480.0,100.0,78.0,94.3868461192,94.4731518214,94.2275466773,94.1788249558,94.3702694503
80.0,5.0,3.0,0.2,2.0,1.5,0.6,0.5,440.0,100.0,80.0,96.1971835233,95.8702756825,95.9837016831,95.8129180667,95.9052672542
80.0,5.0,3.0,0.2,2.0,1.5,0.6,0.5,450.0,100.0,80.0,95.9467808919,95.6958049704,95.8526721413,96.0269885556,95.8428501748
80.0,5.0,3.0,0.2,2.0,1.5,0.6,0.5,460.0,100.0,80.0,95.8454488029,95.9567630693,95.642706269,96.0002369738,95.833641686
80.0,5.0,3.0,0.2,2.0,1.5,0.6,0.5,470.0,100.0,80.0,95.7637618459,95.7379375604,95.6702594442,95.1901638309,95.7858526117
80.0,5.0,3.0,0.2,2.0,1.5,0.6,0.5,480.0,100.0,80.0,95.6297068246,95.4707627962,95.6753056525,95.5240436061,95.8507385812
80.0,5.0,4.0,0.2,2.0,1.5,0.6,0.5,440.0,100.0,70.0,96.6579024001,96.8904148781,96.8100969608,96.8923046226,96.757619828
80.0,5.0,4.0,0.2,2.0,1.5,0.6,0.5,450.0,100.0,70.0,96.7408374403,96.610864592,96.6343066764,96.6887854506,96.8433235014
80.0,5.0,4.0,0.2,2.0,1.5,0.6,0.5,460.0,100.0,70.0,96.8023358339,96.8135172554,96.7452971575,96.8409664113,96.7643048849
80.0,5.0,4.0,0.2,2.0,1.5,0.6,0.5,470.0,100.0,70.0,96.4960958545,96.8143479368,96.6911479975,96.6362492947,96.6944758968
80.0,5.0,4.0,0.2,2.0,1.5,0.6,0.5,480.0,100.0,70.0,96.4907394905,96.4539958976,96.5774244545,96.5420982785,96.637173848
80.0,5.0,4.0,0.2,2.0,1.5,0.6,0.5,440.0,100.0,72.0,97.6430479444,97.6708670045,97.4920790108,97.5439210405,97.8184116147
80.0,5.0,4.0,0.2,2.0,1.5,0.6,0.5,450.0,100.0,72.0,97.4707779571,97.6041592824,97.6004877167,97.6777957935,97.5942496826
80.0,5.0,4.0,0.2,2.0,1.5,0.6,0.5,460.0,100.0,72.0,97.5648927207,97.529097962,97.6498544454,97.5257338279,97.612718032
80.0,5.0,4.0,0.2,2.0,1.5,0.6,0.5,470.0,100.0,72.0,97.5205259683,97.5256321849,97.5258750162,97.3842507428,97.4169180694
80.0,5.0,4.0,0.2,2.0,1.5,0.6,0.5,480.0,100.0,72.0,97.5023051725,97.3123680511,97.4870694983,97.281261433,97.3799098078
80.0,5.0,4.0,0.2,2.0,1.5,0.6,0.5,440.0,100.0,74.0,98.1633340045,98.2585546583,98.3234020859,98.3486196377,98.2399278471
80.0,5.0,4.0,0.2,2.0,1.5,0.6,0.5,450.0,100.0,74.0,98.3831195171,98.1469930177,98.2545871967,98.243634994,98.3279371077
80.0,5.0,4.0,0.2,2.0,1.5,0.6,0.5,460.0,100.0,74.0,98.1991456953,98.1171399175,98.1958381782,98.149886681,98.2663657406
80.0,5.0,4.0,0.2,2.0,1.5,0.6,0.5,470.0,100.0,74.0,98.1481889881,98.180898224,98.0369406981,98.2771536265,98.1610297981
80.0,5.0,4.0,0.2,2.0,1.5,0.6,0.5,480.0,100.0,74.0,98.1518868828,98.1304448184,98.089999395,98.1143934064,98.0743567804
80.0,5.0,4.0,0.2,2.0,1.5,0.6,0.5,440.0,100.0,76.0,98.7142185262,98.7559587108,98.7099730125,98.769770992,98.697594131
80.0,5.0,4.0,0.2,2.0,1.5,0.6,0.5,450.0,100.0,76.0,98.6855001952,98.6628336992,98.7236686506,98.6451057228,98.6654003733
80.0,5.0,4.0,0.2,2.0,1.5,0.6,0.5,460.0,100.0,76.0,98.5929690252,98.6727357891,98.7426654153,98.7141125341,98.5944993801
80.0,5.0,4.0,0.2,2.0,1.5,0.6,0.5,470.0,100.0,76.0,98.6096271504,98.6075982985,98.7285534287,98.5628196261,98.6246920491
80.0,5.0,4.0,0.2,2.0,1.5,0.6,0.5,480.0,100.0,76.0,98.5659096851,98.515766335,98.5923318683,98.5837557464,98.5758967917
80.0,5.0,4.0,0.2,2.0,1.5,0.6,0.5,440.0,100.0,78.0,99.0012022163,99.042217086,99.0253904579,99.0330671154,99.0545770084
80.0,5.0,4.0,0.2,2.0,1.5,0.6,0.5,450.0,100.0,78.0,99.0465607064,98.9212895405,99.0622447652,99.0216548708,99.0128222584
80.0,5.0,4.0,0.2,2.0,1.5,0.6,0.5,460.0,100.0,78.0,99.0731472905,99.0093468255,98.9960355124,99.0088701881,99.0040425792
80.0,5.0,4.0,0.2,2.0,1.5,0.6,0.5,470.0,100.0,78.0,99.0163024768,99.0131074545,99.0117389934,99.0918609548,98.9759500772
80.0,5.0,4.0,0.2,2.0,1.5,0.6,0.5,480.0,100.0,78.0,98.9546576377,98.9077129558,98.9520347815,98.9637334895,98.9729838396
80.0,5.0,4.0,0.2,2.0,1.5,0.6,0.5,440.0,100.0,80.0,99.333904507,99.3194045181,99.2806665803,99.2764569784,99.3299426029
80.0,5.0,4.0,0.2,2.0,1.5,0.6,0.5,450.0,100.0,80.0,99.2853636492,99.259604322,99.2646155256,99.2113157209,99.2861146352
80.0,5.0,4.0,0.2,2.0,1.5,0.6,0.5,460.0,100.0,80.0,99.2252236772,99.2727774558,99.2857086877,99.2928853289,99.3155781168
80.0,5.0,4.0,0.2,2.0,1.5,0.6,0.5,470.0,100.0,80.0,99.2882725874,99.2499298587,99.2206489627,99.2283091201,99.2105955652
80.0,5.0,4.0,0.2,2.0,1.5,0.6,0.5,480.0,100.0,80.0,99.2397440834,99.2542575546,99.2278857602,99.278200479,99.2432842211
80.0,5.0,2.0,0.2,2.0,2.0,0.6,0.5,440.0,100.0,70.0,53.7692210019,52.0990984375,52.3749489466,51.756903697,51.8418996926
80.0,5.0,2.0,0.2,2.0,2.0,0.6,0.5,450.0,100.0,70.0,52.7323122756,51.2927489154,51.8167475107,52.987469955,50.4280229402
80.0,5.0,2.0,0.2,2.0,2.0,0.6,0.5,460.0,100.0,70.0,49.9161722877,52.0109087676,50.6654171481,51.5863148239,49.4132135839
80.0,5.0,2.0,0.2,2.0,2.0,0.6,0.5,470.0,100.0,70.0,50.0666787836,49.1189079575,50.1862868763,48.7037934167,49.1187350764
80.0,5.0,2.0,0.2,2.0,2.0,0.6,0.5,480.0,100.0,70.0,49.1513018861,50.6582590999,50.3429853547,48.5847154294,48.818451691
80.0,5.0,2.0,0.2,2.0,2.0,0.6,0.5,440.0,100.0,72.0,58.2789678248,59.4145040562,58.8140413103,58.1868806533,60.0795710979
80.0,5.0,2.0,0.2,2.0,2.0,0.6,0.5,450.0,100.0,72.0,59.3991193486,57.576431748,58.9232798162,58.8480602088,57.0459461801
80.0,5.0,2.0,0.2,2.0,2.0,0.6,0.5,460.0,100.0,72.0,57.7545201148,54.4910935816,58.0298950945,56.8622281552,55.8343606525
80.0,5.0,2.0,0.2,2.0,2.0,0.6,0.5,470.0,100.0,72.0,56.4381340184,57.7312473303,58.6470727734,56.3165667625,56.3613139894
80.0,5.0,2.0,0.2,2.0,2.0,0.6,0.5,480.0,100.0,72.0,57.1906889382,55.6204579485,56.2164302233,55.9261815414,53.6903184855
80.0,5.0,2.0,0.2,2.0,2.0,0.6,0.5,440.0,100.0,74.0,62.2071930152,64.371167021,64.7266482222,64.6318370306,66.64769256
80.0,5.0,2.0,0.2,2.0,2.0,0.6,0.5,450.0,100.0,74.0,63.600699245,67.3635068521,63.8430146842,65.6787878623,64.3343990357
80.0,5.0,2.0,0.2,2.0,2.0,0.6,0.5,460.0,100.0,74.0,62.730494514,62.9717074342,64.391661553,64.2028806029,63.0879517033
80.0,5.0,2.0,0.2,2.0,2.0,0.6,0.5,470.0,100.0,74.0,65.0662193,63.0105884052,62.7044910081,65.6147669048,63.4875717271
80.0,5.0,2.0,0.2,2.0,2.0,0.6,0.5,480.0,100.0,74.0,61.8403512911,63.0110652565,63.9370791534,62.0544099836,63.2157277663
80.0,5.0,2.0,0.2,2.0,2.0,0.6,0.5,440.0,100.0,76.0,69.9070103593,70.5224905062,69.6593895768,69.2424737582,70.0665147065
80.0,5.0,2.0,0.2,2.0,2.0,0.6,0.5,450.0,100.0,76.0,70.4155981988,71.4471609658,69.1471966981,70.447653986,69.3117746802
80.0,5.0,2.0,0.2,2.0,2.0,0.6,0.5,460.0,100.0,76.0,68.4430445687,70.8527178058,69.5261380915,67.6502064492,69.0090325183
80.0,5.0,2.0,0.2,2.0,2.0,0.6,0.5,470.0,100.0,76.0,70.7732937218,69.4415519255,69.3714122,67.5234614474,68.3132834627
80.0,5.0,2.0,0.2,2.0,2.0,0.6,0.5,480.0,100.0,76.0,68.7784245993,67.9933074439,68.6259303002,68.9568706688,68.9376809114
80.0,5.0,2.0,0.2,2.0,2.0,0.6,0.5,440.0,100.0,78.0,76.2588881904,74.1124956374,73.723064342,73.6625719374,74.91314898
80.0,5.0,2.0,0.2,2.0,2.0,0.6,0.5,450.0,100.0,78.0,75.4422733244,75.2036259946,74.2830030756,75.8259623817,75.1807565324
80.0,5.0,2.0,0.2,2.0,2.0,0.6,0.5,460.0,100.0,78.0,74.4724231595,75.1029546014,74.7102096179,73.4887436886,72.8393529602
80.0,5.0,2.0,0.2,2.0,2.0,0.6,0.5,470.0,100.0,78.0,73.7786419487,74.3096940832,74.0617125035,75.6148587667,73.6041247696
80.0,5.0,2.0,0.2,2.0,2.0,0.6,0.5,480.0,100.0,78.0,71.6941690656,74.3194406827,75.1981364368,74.2461887359,73.4792770059
80.0,5.0,2.0,0.2,2.0,2.0,0.6,0.5,440.0,100.0,80.0,79.1801088588,80.1910386663,79.2209493428,80.2871474975,81.1009409213
80.0,5.0,2.0,0.2,2.0,2.0,0.6,0.5,450.0,100.0,80.0,79.8547693372,79.2125119208,79.8068531278,77.9047915431,79.2263342193
80.0,5.0,2.0,0.2,2.0,2.0,0.6,0.5,460.0,100.0,80.0,78.9942680134,78.5534538318,80.3615066637,79.8118444643,79.6121367344
80.0,5.0,2.0,0.2,2.0,2.0,0.6,0.5,470.0,100.0,80.0,79.2548641152,78.3258934236,76.9756048428,77.7853637972,77.4861042921
80.0,5.0,2.0,0.2,2.0,2.0,0.6,0.5,480.0,100.0,80.0,76.6423309958,77.651698725,77.9121869394,76.9881223968,77.4561539551
80.0,5.0,3.0,0.2,2.0,2.0,0.6,0.5,440.0,100.0,70.0,87.2570741694,86.8221781935,86.6580329865,87.4776317576,86.675915615
80.0,5.0,3.0,0.2,2.0,2.0,0.6,0.5,450.0,100.0,70.0,86.2048619282,87.0074309371,87.0063174946,86.0953041449,85.9147280184
80.0,5.0,3.0,0.2,2.0,2.0,0.6,0.5,460.0,100.0,70.0,85.6484253824,86.8888109949,87.0668279713,86.5080304251,85.7081399372
80.0,5.0,3.0,0.2,2.0,2.0,0.6,0.5,470.0,100.0,70.0,85.7680265417,85.9506784125,85.9378798322,85.8624293596,85.4411564828
80.0,5.0,3.0,0.2,2.0,2.0,0.6,0.5,480.0,100.0,70.0,86.2236727184,85.0270034445,85.0937435074,85.4482804862,85.3857702231
80.0,5.0,3.0,0.2,2.0,2.0,0.6,0.5,440.0,100.0,72.0,90.0148234534,89.5247466688,89.590432656,89.6097589917,89.3689555929
80.0,5.0,3.0,0.2,2.0,2.0,0.6,0.5,450.0,100.0,72.0,89.6947987729,89.49643148,89.5218215506,89.6617082984,89.6543471634
80.0,5.0,3.0,0.2,2.0,2.0,0.6,0.5,460.0,100.0,72.0,89.6706255265,89.1816276714,89.6377620077,88.8887105723,89.5311457545
80.0,5.0,3.0,0.2,2.0,2.0,0.6,0.5,470.0,100.0,72.0,89.1598050775,88.8231488204,89.2857462276,88.8283928761,89.1105649025
80.0,5.0,3.0,0.2,2.0,2.0,0.6,0.5,480.0,100.0,72.0,88.6694194807,89.0412779096,88.2172501487,87.9072365835,88.7863880466
80.0,5.0,3.0,0.2,2.0,2.0,0.6,0.5,440.0,100.0,74.0,91.7764140254,92.1891287114,91.6920448054,92.1410704518,91.7761173146
80.0,5.0,3.0,0.2,2.0,2.0,0.6,0.5,450.0,100.0,74.0,91.7676375091,92.0540360079,91.9606665963,91.9193188121,91.536786758
80.0,5.0,3.0,0.2,2.0,2.0,0.6,0.5,460.0,100.0,74.0,91.2237619671,91.0839465279,91.7275783118,91.3548472856,91.437853443
80.0,5.0,3.0,0.2,2.0,2.0,0.6,0.5,470.0,100.0,74.0,91.2949036769,90.9952556103,91.5370650026,91.3788204539,91.1270568375
80.0,5.0,3.0,0.2,2.0,2.0,0.6,0.5,480.0,100.0,74.0,91.1473297054,90.6381680673,91.627268483,91.4578549963,91.1820831835
80.0,5.0,3.0,0.2,2.0,2.0,0.6,0.5,440.0,100.0,76.0,93.4648331368,93.9966057681,93.6554682342,93.7136254371,93.8820014434
80.0,5.0,3.0,0.2,2.0,2.0,0.6,0.5,450.0,100.0,76.0,92.8908770864,93.3285536086,93.775084287,94.0960836079,93.5585756771
80.0,5.0,3.0,0.2,2.0,2.0,0.6,0.5,460.0,100.0,76.0,93.2903283184,93.1284788822,93.3397612465,93.4241988366,93.0590240067
80.0,5.0,3.0,0.2,2.0,2.0,0.6,0.5,470.0,100.0,76.0,93.2258996664,93.5946422566,93.7410017471,93.1693185943,93.2028627147
80.0,5.0,3.0,0.2,2.0,2.0,0.6,0.5,480.0,100.0,76.0,92.8863532081,92.9449672546,93.3764576016,93.2760847076,93.7040997026
80.0,5.0,3.0,0.2,2.0,2.0,0.6,0.5,440.0,100.0,78.0,94.8666151926,95.1776421537,95.0048535612,94.9625310668,95.0597171981
80.0,5.0,3.0,0.2,2.0,2.0,0.6,0.5,450.0,100.0,78.0,94.824064797,95.0708592174,94.5224883117,95.1726919603,94.9656795587
80.0,5.0,3.0,0.2,2.0,2.0,0.6,0.5,460.0,100.0,78.0,95.3458403739,95.1248425672,94.5492003516,94.9735780081,94.8626834482
80.0,5.0,3.0,0.2,2.0,2.0,0.6,0.5,470.0,100.0,78.0,94.6861199321,94.7275587093,94.9826796016,94.6636933211,95.1520347687
80.0,5.0,3.0,0.2,2.0,2.0,0.6,0.5,480.0,100.0,78.0,94.5828027764,94.7169879234,94.4199680774,94.2891198762,94.3560200105
80.0,5.0,3.0,0.2,2.0,2.0,0.6,0.5,440.0,100.0,80.0,96.1257771734,96.2151192472,95.8750761167,96.423900402,96.1096026747
80.0,5.0,3.0,0.2,2.0,2.0,0.6,0.5,450.0,100.0,80.0,96.021961799,96.2499359564,96.0820875049,96.141439384,95.8924024956
80.0,5.0,3.0,0.2,2.0,2.0,0.6,0.5,460.0,100.0,80.0,96.1350658713,96.1617533208,96.2336322455,95.798704595,95.8751224694
80.0,5.0,3.0,0.2,2.0,2.0,0.6,0.5,470.0,100.0,80.0,95.87974349,95.8995536793,95.9447616079,95.986633188,96.1137979926
80.0,5.0,3.0,0.2,2.0,2.0,0.6,0.5,480.0,100.0,80.0,95.6808181967,95.9699203016,95.9885579273,95.2690860011,95.7227575424
80.0,5.0,4.0,0.2,2.0,2.0,0.6,0.5,440.0,100.0,70.0,96.7788383259,97.1743735871,97.0138776695,97.0564769223,96.9191030004
80.0,5.0,4.0,0.2,2.0,2.0,0.6,0.5,450.0,100.0,70.0,96.8676580072,97.0314391124,96.8741332746,97.1110787652,97.1865985041
80.0,5.0,4.0,0.2,2.0,2.0,0.6,0.5,460.0,100.0,70.0,96.7491565959,96.9683406582,96.8506048925,97.0668697456,96.9517953465
80.0,5.0,4.0,0.2,2.0,2.0,0.6,0.5,470.0,100.0,70.0,96.9291578142,97.0303297924,96.9173566322,96.6069798205,96.9927092682
80.0,5.0,4.0,0.2,2.0,2.0,0.6,0.5,480.0,100.0,70.0,96.7574840906,96.8393449552,96.7754489799,96.6468498484,96.767940737
80.0,5.0,4.0,0.2,2.0,2.0,0.6,0.5,440.0,100.0,72.0,97.7893301225,97.7916253095,97.792535442,97.7916171296,97.7904999255
80.0,5.0,4.0,0.2,2.0,2.0,0.6,0.5,450.0,100.0,72.0,97.7433013085,97.759537554,97.7644508019,97.5689334128,97.7115389175
80.0,5.0,4.0,0.2,2.0,2.0,0.6,0.5,460.0,100.0,72.0,97.7366537866,97.669170655,97.6094936586,97.7805028099,97.7416378603
80.0,5.0,4.0,0.2,2.0,2.0,0.6,0.5,470.0,100.0,72.0,97.4830111487,97.8194419744,97.5946183844,97.6508709515,97.5548746117
80.0,5.0,4.0,0.2,2.0,2.0,0.6,0.5,480.0,100.0,72.0,97.5947591486,97.645637389,97.425732724,97.8109280416,97.6814676757
80.0,5.0,4.0,0.2,2.0,2.0,0.6,0.5,440.0,100.0,74.0,98.3599364672,98.3296349632,98.3002137245,98.336598842,98.3855431437
80.0,5.0,4.0,0.2,2.0,2.0,0.6,0.5,450.0,100.0,74.0,98.2807273856,98.2600004613,98.4207915649,98.3458284452,98.4150646766
80.0,5.0,4.0,0.2,2.0,2.0,0.6,0.5,460.0,100.0,74.0,98.2111861966,98.3058910218,98.2391431452,98.3429453807,98.2843386713
80.0,5.0,4.0,0.2,2.0,2.0,0.6,0.5,470.0,100.0,74.0,98.2474213528,98.3868602623,98.3195467681,98.3064993668,98.2056110316
80.0,5.0,4.0,0.2,2.0,2.0,0.6,0.5,480.0,100.0,74.0,98.300707204,98.1288995511,98.2324165123,98.1982916827,98.1546426088
80.0,5.0,4.0,0.2,2.0,2.0,0.6,0.5,440.0,100.0,76.0,98.7437357185,98.8015928624,98.7633877228,98.8673747687,98.7718201428
80.0,5.0,4.0,0.2,2.0,2.0,0.6,0.5,450.0,100.0,76.0,98.8270797948,98.873337812,98.8458693147,98.8113854913,98.7010787795
80.0,5.0,4.0,0.2,2.0,2.0,0.6,0.5,460.0,100.0,76.0,98.7708964111,98.7598506341,98.7286826301,98.7092454088,98.6303591229
80.0,5.0,4.0,0.2,2.0,2.0,0.6,0.5,470.0,100.0,76.0,98.7714884027,98.6451941979,98.7010258857,98.7816164404,98.5880526424
80.0,5.0,4.0,0.2,2.0,2.0,0.6,0.5,480.0,100.0,76.0,98.7390245614,98.6726336022,98.7809619669,98.7530051379,98.7116074993
80.0,5.0,4.0,0.2,2.0,2.0,0.6,0.5,440.0,100.0,78.0,99.1756668269,99.1067527447,99.1023823492,99.0828101565,99.1528824079
80.0,5.0,4.0,0.2,2.0,2.0,0.6,0.5,450.0,100.0,78.0,99.1238881659,99.0958949627,99.0726024045,99.1099235158,99.0375194206
80.0,5.0,4.0,0.2,2.0,2.0,0.6,0.5,460.0,100.0,78.0,99.0746439605,99.0348735111,99.0718403097,99.034395625,99.0515777607
80.0,5.0,4.0,0.2,2.0,2.0,0.6,0.5,470.0,100.0,78.0,99.0535596545,99.0108101005,99.0133180513,99.035228882,98.9986346841
80.0,5.0,4.0,0.2,2.0,2.0,0.6,0.5,480.0,100.0,78.0,98.9919560188,99.0706855028,99.0411866364,99.0899461267,99.1038834632
80.0,5.0,4.0,0.2,2.0,2.0,0.6,0.5,440.0,100.0,80.0,99.3386744749,99.3595028662,99.3313918108,99.3581870175,99.3588674429
80.0,5.0,4.0,0.2,2.0,2.0,0.6,0.5,450.0,100.0,80.0,99.3223497342,99.4122741212,99.311450803,99.3471081912,99.3662723894
80.0,5.0,4.0,0.2,2.0,2.0,0.6,0.5,460.0,100.0,80.0,99.2986685225,99.3312340003,99.3397252673,99.3148114457,99.3641753377
80.0,5.0,4.0,0.2,2.0,2.0,0.6,0.5,470.0,100.0,80.0,99.2883720623,99.2978517408,99.2902166139,99.3366770726,99.3116775488
80.0,5.0,4.0,0.2,2.0,2.0,0.6,0.5,480.0,100.0,80.0,99.3360956625,99.2875734816,99.3095212972,99.3071022738,99.329401135
